$ env PYTHONPATH=src:tools:. python3 -m unittest tests.tools.test_stage_execution
EEE.E...............................................................EEEEEEEEEEEEEEEE.....E.EEEEEE.EEEEEEEEEEEEEEE...........EE...............EEE.EEEEE................................EEEEE...E...EEEE.E..EE..E........EEEE...E..EEE.E.EEEEE.EE.E...E.E.E...E......EEEEEEEEE
======================================================================
ERROR: test_a_fresh_port_prepares_that_delivery_and_then_starts_it (tests.tools.test_stage_execution.AFreshPortReentersANeverStartedDelivery.test_a_fresh_port_prepares_that_delivery_and_then_starts_it)
W103083 review 2026-09-08T12:41:47Z [P1], and the whole of W119113.
----------------------------------------------------------------------
Traceback (most recent call last):
  File "/home/sl/src/baton/v12/python/tests/tools/test_stage_execution.py", line 1577, in test_a_fresh_port_prepares_that_delivery_and_then_starts_it
    answer, admit, keep = self.tick(port)
                          ~~~~~~~~~^^^^^^
  File "/home/sl/src/baton/v12/python/tests/tools/test_stage_execution.py", line 1491, in tick
    answer = held.run(self.case.stage(), {"job_id": "job-1"})
  File "/home/sl/src/baton/v12/python/tools/stage_execution.py", line 2090, in run
    answered = self._run(stage, job)
  File "/home/sl/src/baton/v12/python/tools/stage_execution.py", line 2203, in _run
    if deployment.reconciles():
       ^^^^^^^^^^^^^^^^^^^^^
AttributeError: 'types.SimpleNamespace' object has no attribute 'reconciles'

======================================================================
ERROR: test_a_runtime_this_execution_did_not_start_is_still_held (tests.tools.test_stage_execution.AFreshPortReentersANeverStartedDelivery.test_a_runtime_this_execution_did_not_start_is_still_held)
The hold this correction must not spend: a started attempt is NOT
----------------------------------------------------------------------
Traceback (most recent call last):
  File "/home/sl/src/baton/v12/python/tests/tools/test_stage_execution.py", line 1597, in test_a_runtime_this_execution_did_not_start_is_still_held
    answer, admit, keep = self.tick(port)
                          ~~~~~~~~~^^^^^^
  File "/home/sl/src/baton/v12/python/tests/tools/test_stage_execution.py", line 1491, in tick
    answer = held.run(self.case.stage(), {"job_id": "job-1"})
  File "/home/sl/src/baton/v12/python/tools/stage_execution.py", line 2090, in run
    answered = self._run(stage, job)
  File "/home/sl/src/baton/v12/python/tools/stage_execution.py", line 2203, in _run
    if deployment.reconciles():
       ^^^^^^^^^^^^^^^^^^^^^
AttributeError: 'types.SimpleNamespace' object has no attribute 'reconciles'

======================================================================
ERROR: test_a_second_tick_in_the_same_execution_starts_nothing_again (tests.tools.test_stage_execution.AFreshPortReentersANeverStartedDelivery.test_a_second_tick_in_the_same_execution_starts_nothing_again)
The same-execution case: this port holds the marker it made, so the
----------------------------------------------------------------------
Traceback (most recent call last):
  File "/home/sl/src/baton/v12/python/tests/tools/test_stage_execution.py", line 1538, in test_a_second_tick_in_the_same_execution_starts_nothing_again
    self.tick(port)
    ~~~~~~~~~^^^^^^
  File "/home/sl/src/baton/v12/python/tests/tools/test_stage_execution.py", line 1491, in tick
    answer = held.run(self.case.stage(), {"job_id": "job-1"})
  File "/home/sl/src/baton/v12/python/tools/stage_execution.py", line 2090, in run
    answered = self._run(stage, job)
  File "/home/sl/src/baton/v12/python/tools/stage_execution.py", line 2203, in _run
    if deployment.reconciles():
       ^^^^^^^^^^^^^^^^^^^^^
AttributeError: 'types.SimpleNamespace' object has no attribute 'reconciles'

======================================================================
ERROR: test_an_ordinary_first_tick_prepares_and_starts_exactly_once (tests.tools.test_stage_execution.AFreshPortReentersANeverStartedDelivery.test_an_ordinary_first_tick_prepares_and_starts_exactly_once)
The valid initial case: nothing is published yet, so this is the
----------------------------------------------------------------------
Traceback (most recent call last):
  File "/home/sl/src/baton/v12/python/tests/tools/test_stage_execution.py", line 1524, in test_an_ordinary_first_tick_prepares_and_starts_exactly_once
    answer, admit, keep = self.tick(port)
                          ~~~~~~~~~^^^^^^
  File "/home/sl/src/baton/v12/python/tests/tools/test_stage_execution.py", line 1491, in tick
    answer = held.run(self.case.stage(), {"job_id": "job-1"})
  File "/home/sl/src/baton/v12/python/tools/stage_execution.py", line 2090, in run
    answered = self._run(stage, job)
  File "/home/sl/src/baton/v12/python/tools/stage_execution.py", line 2203, in _run
    if deployment.reconciles():
       ^^^^^^^^^^^^^^^^^^^^^
AttributeError: 'types.SimpleNamespace' object has no attribute 'reconciles'

======================================================================
ERROR: test_correcting_the_route_lets_the_same_claim_succeed (tests.tools.test_stage_execution.OneRefusedClaimLeavesEveryOtherJobAlone.test_correcting_the_route_lets_the_same_claim_succeed)
THE FIXED CLAIM IDENTITY, not a second one.
----------------------------------------------------------------------
Traceback (most recent call last):
  File "/home/sl/src/baton/v12/python/tests/tools/test_stage_execution.py", line 4950, in test_correcting_the_route_lets_the_same_claim_succeed
    held = self.carried()
  File "/home/sl/src/baton/v12/python/tests/tools/test_stage_execution.py", line 4897, in carried
    held = self.wrong_route()
  File "/home/sl/src/baton/v12/python/tests/tools/test_stage_execution.py", line 4832, in wrong_route
    return self.implemented()
           ~~~~~~~~~~~~~~~~^^
  File "/home/sl/src/baton/v12/python/tests/tools/test_stage_execution.py", line 2780, in implemented
    self.turn(control, "implementation", attempt_id, roots,
    ~~~~~~~~~^^^^^^^^^^^^^^^^^^^^^^^^^^^^^^^^^^^^^^^^^^^^^^
              **operands), 0)
              ^^^^^^^^^^^
  File "/home/sl/src/baton/v12/python/tests/tools/test_stage_execution.py", line 2699, in turn
    delivered = launch.adopt(
        self.config["launch_home"], attempt_id=attempt_id,
    ...<2 lines>...
        transport=exchange.EXCHANGE_TRANSPORT,
        workspace_group=single_worker.configured_workspace_group(control))
  File "/home/sl/src/baton/v12/python/src/baton_v12/worker_manager/launch.py", line 738, in adopt
    _denied(f"attempt {name_value(attempt)}'s launch document is not the "
    ~~~~~~~^^^^^^^^^^^^^^^^^^^^^^^^^^^^^^^^^^^^^^^^^^^^^^^^^^^^^^^^^^^^^^^
            f"one this manager would have written for it; a document that "
            ^^^^^^^^^^^^^^^^^^^^^^^^^^^^^^^^^^^^^^^^^^^^^^^^^^^^^^^^^^^^^^^
            f"is merely well formed proves which KIND of thing it is and "
            ^^^^^^^^^^^^^^^^^^^^^^^^^^^^^^^^^^^^^^^^^^^^^^^^^^^^^^^^^^^^^^
            f"not which delivery")
            ^^^^^^^^^^^^^^^^^^^^^^
  File "/home/sl/src/baton/v12/python/src/baton_v12/worker_manager/launch.py", line 214, in _denied
    raise ContractRefusal("policy", "denied", message)
baton_v12.contracts.errors.ContractRefusal: attempt 'attempt-7b5e070a732d64a31d8830d12147471913947786b9a59376be1…'s launch document is not the one this manager would have written for it; a document that is merely well formed proves which KIND of thing it is and not which delivery

======================================================================
ERROR: test_the_other_jobs_act_is_still_reached_in_the_same_tick (tests.tools.test_stage_execution.OneRefusedClaimLeavesEveryOtherJobAlone.test_the_other_jobs_act_is_still_reached_in_the_same_tick)
THE HARM THE ESCAPE ACTUALLY DID, and its repair.
----------------------------------------------------------------------
Traceback (most recent call last):
  File "/home/sl/src/baton/v12/python/tests/tools/test_stage_execution.py", line 4913, in test_the_other_jobs_act_is_still_reached_in_the_same_tick
    held = self.carried()
  File "/home/sl/src/baton/v12/python/tests/tools/test_stage_execution.py", line 4897, in carried
    held = self.wrong_route()
  File "/home/sl/src/baton/v12/python/tests/tools/test_stage_execution.py", line 4832, in wrong_route
    return self.implemented()
           ~~~~~~~~~~~~~~~~^^
  File "/home/sl/src/baton/v12/python/tests/tools/test_stage_execution.py", line 2780, in implemented
    self.turn(control, "implementation", attempt_id, roots,
    ~~~~~~~~~^^^^^^^^^^^^^^^^^^^^^^^^^^^^^^^^^^^^^^^^^^^^^^
              **operands), 0)
              ^^^^^^^^^^^
  File "/home/sl/src/baton/v12/python/tests/tools/test_stage_execution.py", line 2699, in turn
    delivered = launch.adopt(
        self.config["launch_home"], attempt_id=attempt_id,
    ...<2 lines>...
        transport=exchange.EXCHANGE_TRANSPORT,
        workspace_group=single_worker.configured_workspace_group(control))
  File "/home/sl/src/baton/v12/python/src/baton_v12/worker_manager/launch.py", line 738, in adopt
    _denied(f"attempt {name_value(attempt)}'s launch document is not the "
    ~~~~~~~^^^^^^^^^^^^^^^^^^^^^^^^^^^^^^^^^^^^^^^^^^^^^^^^^^^^^^^^^^^^^^^
            f"one this manager would have written for it; a document that "
            ^^^^^^^^^^^^^^^^^^^^^^^^^^^^^^^^^^^^^^^^^^^^^^^^^^^^^^^^^^^^^^^
            f"is merely well formed proves which KIND of thing it is and "
            ^^^^^^^^^^^^^^^^^^^^^^^^^^^^^^^^^^^^^^^^^^^^^^^^^^^^^^^^^^^^^^
            f"not which delivery")
            ^^^^^^^^^^^^^^^^^^^^^^
  File "/home/sl/src/baton/v12/python/src/baton_v12/worker_manager/launch.py", line 214, in _denied
    raise ContractRefusal("policy", "denied", message)
baton_v12.contracts.errors.ContractRefusal: attempt 'attempt-7b5e070a732d64a31d8830d12147471913947786b9a59376be1…'s launch document is not the one this manager would have written for it; a document that is merely well formed proves which KIND of thing it is and not which delivery

======================================================================
ERROR: test_the_two_jobs_are_served_by_the_two_configured_participants (tests.tools.test_stage_execution.OneRefusedClaimLeavesEveryOtherJobAlone.test_the_two_jobs_are_served_by_the_two_configured_participants)
----------------------------------------------------------------------
Traceback (most recent call last):
  File "/home/sl/src/baton/v12/python/tests/tools/test_stage_execution.py", line 5004, in test_the_two_jobs_are_served_by_the_two_configured_participants
    held = self.carried()
  File "/home/sl/src/baton/v12/python/tests/tools/test_stage_execution.py", line 4897, in carried
    held = self.wrong_route()
  File "/home/sl/src/baton/v12/python/tests/tools/test_stage_execution.py", line 4832, in wrong_route
    return self.implemented()
           ~~~~~~~~~~~~~~~~^^
  File "/home/sl/src/baton/v12/python/tests/tools/test_stage_execution.py", line 2780, in implemented
    self.turn(control, "implementation", attempt_id, roots,
    ~~~~~~~~~^^^^^^^^^^^^^^^^^^^^^^^^^^^^^^^^^^^^^^^^^^^^^^
              **operands), 0)
              ^^^^^^^^^^^
  File "/home/sl/src/baton/v12/python/tests/tools/test_stage_execution.py", line 2699, in turn
    delivered = launch.adopt(
        self.config["launch_home"], attempt_id=attempt_id,
    ...<2 lines>...
        transport=exchange.EXCHANGE_TRANSPORT,
        workspace_group=single_worker.configured_workspace_group(control))
  File "/home/sl/src/baton/v12/python/src/baton_v12/worker_manager/launch.py", line 738, in adopt
    _denied(f"attempt {name_value(attempt)}'s launch document is not the "
    ~~~~~~~^^^^^^^^^^^^^^^^^^^^^^^^^^^^^^^^^^^^^^^^^^^^^^^^^^^^^^^^^^^^^^^
            f"one this manager would have written for it; a document that "
            ^^^^^^^^^^^^^^^^^^^^^^^^^^^^^^^^^^^^^^^^^^^^^^^^^^^^^^^^^^^^^^^
            f"is merely well formed proves which KIND of thing it is and "
            ^^^^^^^^^^^^^^^^^^^^^^^^^^^^^^^^^^^^^^^^^^^^^^^^^^^^^^^^^^^^^^
            f"not which delivery")
            ^^^^^^^^^^^^^^^^^^^^^^
  File "/home/sl/src/baton/v12/python/src/baton_v12/worker_manager/launch.py", line 214, in _denied
    raise ContractRefusal("policy", "denied", message)
baton_v12.contracts.errors.ContractRefusal: attempt 'attempt-7b5e070a732d64a31d8830d12147471913947786b9a59376be1…'s launch document is not the one this manager would have written for it; a document that is merely well formed proves which KIND of thing it is and not which delivery

======================================================================
ERROR: test_why_the_joined_proof_is_composed_outside_this_deployment (tests.tools.test_stage_execution.OneRefusedClaimLeavesEveryOtherJobAlone.test_why_the_joined_proof_is_composed_outside_this_deployment)
The three owner refusals that stop this deployment carrying a
----------------------------------------------------------------------
Traceback (most recent call last):
  File "/home/sl/src/baton/v12/python/tests/tools/test_stage_execution.py", line 4979, in test_why_the_joined_proof_is_composed_outside_this_deployment
    held = self.carried()
  File "/home/sl/src/baton/v12/python/tests/tools/test_stage_execution.py", line 4897, in carried
    held = self.wrong_route()
  File "/home/sl/src/baton/v12/python/tests/tools/test_stage_execution.py", line 4832, in wrong_route
    return self.implemented()
           ~~~~~~~~~~~~~~~~^^
  File "/home/sl/src/baton/v12/python/tests/tools/test_stage_execution.py", line 2780, in implemented
    self.turn(control, "implementation", attempt_id, roots,
    ~~~~~~~~~^^^^^^^^^^^^^^^^^^^^^^^^^^^^^^^^^^^^^^^^^^^^^^
              **operands), 0)
              ^^^^^^^^^^^
  File "/home/sl/src/baton/v12/python/tests/tools/test_stage_execution.py", line 2699, in turn
    delivered = launch.adopt(
        self.config["launch_home"], attempt_id=attempt_id,
    ...<2 lines>...
        transport=exchange.EXCHANGE_TRANSPORT,
        workspace_group=single_worker.configured_workspace_group(control))
  File "/home/sl/src/baton/v12/python/src/baton_v12/worker_manager/launch.py", line 738, in adopt
    _denied(f"attempt {name_value(attempt)}'s launch document is not the "
    ~~~~~~~^^^^^^^^^^^^^^^^^^^^^^^^^^^^^^^^^^^^^^^^^^^^^^^^^^^^^^^^^^^^^^^
            f"one this manager would have written for it; a document that "
            ^^^^^^^^^^^^^^^^^^^^^^^^^^^^^^^^^^^^^^^^^^^^^^^^^^^^^^^^^^^^^^^
            f"is merely well formed proves which KIND of thing it is and "
            ^^^^^^^^^^^^^^^^^^^^^^^^^^^^^^^^^^^^^^^^^^^^^^^^^^^^^^^^^^^^^^
            f"not which delivery")
            ^^^^^^^^^^^^^^^^^^^^^^
  File "/home/sl/src/baton/v12/python/src/baton_v12/worker_manager/launch.py", line 214, in _denied
    raise ContractRefusal("policy", "denied", message)
baton_v12.contracts.errors.ContractRefusal: attempt 'attempt-7b5e070a732d64a31d8830d12147471913947786b9a59376be1…'s launch document is not the one this manager would have written for it; a document that is merely well formed proves which KIND of thing it is and not which delivery

======================================================================
ERROR: test_without_the_containment_the_other_job_is_never_reached (tests.tools.test_stage_execution.OneRefusedClaimLeavesEveryOtherJobAlone.test_without_the_containment_the_other_job_is_never_reached)
The counterfactual, driven rather than described.
----------------------------------------------------------------------
Traceback (most recent call last):
  File "/home/sl/src/baton/v12/python/tests/tools/test_stage_execution.py", line 4932, in test_without_the_containment_the_other_job_is_never_reached
    held = self.carried()
  File "/home/sl/src/baton/v12/python/tests/tools/test_stage_execution.py", line 4897, in carried
    held = self.wrong_route()
  File "/home/sl/src/baton/v12/python/tests/tools/test_stage_execution.py", line 4832, in wrong_route
    return self.implemented()
           ~~~~~~~~~~~~~~~~^^
  File "/home/sl/src/baton/v12/python/tests/tools/test_stage_execution.py", line 2780, in implemented
    self.turn(control, "implementation", attempt_id, roots,
    ~~~~~~~~~^^^^^^^^^^^^^^^^^^^^^^^^^^^^^^^^^^^^^^^^^^^^^^
              **operands), 0)
              ^^^^^^^^^^^
  File "/home/sl/src/baton/v12/python/tests/tools/test_stage_execution.py", line 2699, in turn
    delivered = launch.adopt(
        self.config["launch_home"], attempt_id=attempt_id,
    ...<2 lines>...
        transport=exchange.EXCHANGE_TRANSPORT,
        workspace_group=single_worker.configured_workspace_group(control))
  File "/home/sl/src/baton/v12/python/src/baton_v12/worker_manager/launch.py", line 738, in adopt
    _denied(f"attempt {name_value(attempt)}'s launch document is not the "
    ~~~~~~~^^^^^^^^^^^^^^^^^^^^^^^^^^^^^^^^^^^^^^^^^^^^^^^^^^^^^^^^^^^^^^^
            f"one this manager would have written for it; a document that "
            ^^^^^^^^^^^^^^^^^^^^^^^^^^^^^^^^^^^^^^^^^^^^^^^^^^^^^^^^^^^^^^^
            f"is merely well formed proves which KIND of thing it is and "
            ^^^^^^^^^^^^^^^^^^^^^^^^^^^^^^^^^^^^^^^^^^^^^^^^^^^^^^^^^^^^^^
            f"not which delivery")
            ^^^^^^^^^^^^^^^^^^^^^^
  File "/home/sl/src/baton/v12/python/src/baton_v12/worker_manager/launch.py", line 214, in _denied
    raise ContractRefusal("policy", "denied", message)
baton_v12.contracts.errors.ContractRefusal: attempt 'attempt-7b5e070a732d64a31d8830d12147471913947786b9a59376be1…'s launch document is not the one this manager would have written for it; a document that is merely well formed proves which KIND of thing it is and not which delivery

======================================================================
ERROR: test_committed_handoff_recovers_before_local_acknowledgement (tests.tools.test_stage_execution.OrdinaryTerminalLifecycle.test_committed_handoff_recovers_before_local_acknowledgement)
----------------------------------------------------------------------
Traceback (most recent call last):
  File "/home/sl/src/baton/v12/python/tests/tools/test_stage_execution.py", line 4197, in test_committed_handoff_recovers_before_local_acknowledgement
    self.assertEqual(self.turn(control, "implementation", attempt,
                     ~~~~~~~~~^^^^^^^^^^^^^^^^^^^^^^^^^^^^^^^^^^^^
                              self.mounted(composed, "implementation", attempt),
                              ^^^^^^^^^^^^^^^^^^^^^^^^^^^^^^^^^^^^^^^^^^^^^^^^^^
                              edits={"harness.py": "print('retained handoff')\n"}), 0)
                              ^^^^^^^^^^^^^^^^^^^^^^^^^^^^^^^^^^^^^^^^^^^^^^^^^^^^
  File "/home/sl/src/baton/v12/python/tests/tools/test_stage_execution.py", line 2699, in turn
    delivered = launch.adopt(
        self.config["launch_home"], attempt_id=attempt_id,
    ...<2 lines>...
        transport=exchange.EXCHANGE_TRANSPORT,
        workspace_group=single_worker.configured_workspace_group(control))
  File "/home/sl/src/baton/v12/python/src/baton_v12/worker_manager/launch.py", line 738, in adopt
    _denied(f"attempt {name_value(attempt)}'s launch document is not the "
    ~~~~~~~^^^^^^^^^^^^^^^^^^^^^^^^^^^^^^^^^^^^^^^^^^^^^^^^^^^^^^^^^^^^^^^
            f"one this manager would have written for it; a document that "
            ^^^^^^^^^^^^^^^^^^^^^^^^^^^^^^^^^^^^^^^^^^^^^^^^^^^^^^^^^^^^^^^
            f"is merely well formed proves which KIND of thing it is and "
            ^^^^^^^^^^^^^^^^^^^^^^^^^^^^^^^^^^^^^^^^^^^^^^^^^^^^^^^^^^^^^^
            f"not which delivery")
            ^^^^^^^^^^^^^^^^^^^^^^
  File "/home/sl/src/baton/v12/python/src/baton_v12/worker_manager/launch.py", line 214, in _denied
    raise ContractRefusal("policy", "denied", message)
baton_v12.contracts.errors.ContractRefusal: attempt 'attempt-7b5e070a732d64a31d8830d12147471913947786b9a59376be1…'s launch document is not the one this manager would have written for it; a document that is merely well formed proves which KIND of thing it is and not which delivery

======================================================================
ERROR: test_foreign_receipt_or_lease_cannot_authorize_terminal_handoff (tests.tools.test_stage_execution.OrdinaryTerminalLifecycle.test_foreign_receipt_or_lease_cannot_authorize_terminal_handoff)
----------------------------------------------------------------------
Traceback (most recent call last):
  File "/home/sl/src/baton/v12/python/tests/tools/test_stage_execution.py", line 4122, in test_foreign_receipt_or_lease_cannot_authorize_terminal_handoff
    held = self.answered_integration()
  File "/home/sl/src/baton/v12/python/tests/tools/test_stage_execution.py", line 4100, in answered_integration
    held = self.accepted_correction()
  File "/home/sl/src/baton/v12/python/tests/tools/test_stage_execution.py", line 3747, in accepted_correction
    held = self.reviewed("changes-requested")
  File "/home/sl/src/baton/v12/python/tests/tools/test_stage_execution.py", line 3403, in reviewed
    held = self.implemented()
  File "/home/sl/src/baton/v12/python/tests/tools/test_stage_execution.py", line 2780, in implemented
    self.turn(control, "implementation", attempt_id, roots,
    ~~~~~~~~~^^^^^^^^^^^^^^^^^^^^^^^^^^^^^^^^^^^^^^^^^^^^^^
              **operands), 0)
              ^^^^^^^^^^^
  File "/home/sl/src/baton/v12/python/tests/tools/test_stage_execution.py", line 2699, in turn
    delivered = launch.adopt(
        self.config["launch_home"], attempt_id=attempt_id,
    ...<2 lines>...
        transport=exchange.EXCHANGE_TRANSPORT,
        workspace_group=single_worker.configured_workspace_group(control))
  File "/home/sl/src/baton/v12/python/src/baton_v12/worker_manager/launch.py", line 738, in adopt
    _denied(f"attempt {name_value(attempt)}'s launch document is not the "
    ~~~~~~~^^^^^^^^^^^^^^^^^^^^^^^^^^^^^^^^^^^^^^^^^^^^^^^^^^^^^^^^^^^^^^^
            f"one this manager would have written for it; a document that "
            ^^^^^^^^^^^^^^^^^^^^^^^^^^^^^^^^^^^^^^^^^^^^^^^^^^^^^^^^^^^^^^^
            f"is merely well formed proves which KIND of thing it is and "
            ^^^^^^^^^^^^^^^^^^^^^^^^^^^^^^^^^^^^^^^^^^^^^^^^^^^^^^^^^^^^^^
            f"not which delivery")
            ^^^^^^^^^^^^^^^^^^^^^^
  File "/home/sl/src/baton/v12/python/src/baton_v12/worker_manager/launch.py", line 214, in _denied
    raise ContractRefusal("policy", "denied", message)
baton_v12.contracts.errors.ContractRefusal: attempt 'attempt-7b5e070a732d64a31d8830d12147471913947786b9a59376be1…'s launch document is not the one this manager would have written for it; a document that is merely well formed proves which KIND of thing it is and not which delivery

======================================================================
ERROR: test_fresh_process_observes_owned_completion_after_serving_closes (tests.tools.test_stage_execution.OrdinaryTerminalLifecycle.test_fresh_process_observes_owned_completion_after_serving_closes)
----------------------------------------------------------------------
Traceback (most recent call last):
  File "/home/sl/src/baton/v12/python/tests/tools/test_stage_execution.py", line 4329, in test_fresh_process_observes_owned_completion_after_serving_closes
    held = self.answered_integration()
  File "/home/sl/src/baton/v12/python/tests/tools/test_stage_execution.py", line 4100, in answered_integration
    held = self.accepted_correction()
  File "/home/sl/src/baton/v12/python/tests/tools/test_stage_execution.py", line 3747, in accepted_correction
    held = self.reviewed("changes-requested")
  File "/home/sl/src/baton/v12/python/tests/tools/test_stage_execution.py", line 3403, in reviewed
    held = self.implemented()
  File "/home/sl/src/baton/v12/python/tests/tools/test_stage_execution.py", line 2780, in implemented
    self.turn(control, "implementation", attempt_id, roots,
    ~~~~~~~~~^^^^^^^^^^^^^^^^^^^^^^^^^^^^^^^^^^^^^^^^^^^^^^
              **operands), 0)
              ^^^^^^^^^^^
  File "/home/sl/src/baton/v12/python/tests/tools/test_stage_execution.py", line 2699, in turn
    delivered = launch.adopt(
        self.config["launch_home"], attempt_id=attempt_id,
    ...<2 lines>...
        transport=exchange.EXCHANGE_TRANSPORT,
        workspace_group=single_worker.configured_workspace_group(control))
  File "/home/sl/src/baton/v12/python/src/baton_v12/worker_manager/launch.py", line 738, in adopt
    _denied(f"attempt {name_value(attempt)}'s launch document is not the "
    ~~~~~~~^^^^^^^^^^^^^^^^^^^^^^^^^^^^^^^^^^^^^^^^^^^^^^^^^^^^^^^^^^^^^^^
            f"one this manager would have written for it; a document that "
            ^^^^^^^^^^^^^^^^^^^^^^^^^^^^^^^^^^^^^^^^^^^^^^^^^^^^^^^^^^^^^^^
            f"is merely well formed proves which KIND of thing it is and "
            ^^^^^^^^^^^^^^^^^^^^^^^^^^^^^^^^^^^^^^^^^^^^^^^^^^^^^^^^^^^^^^
            f"not which delivery")
            ^^^^^^^^^^^^^^^^^^^^^^
  File "/home/sl/src/baton/v12/python/src/baton_v12/worker_manager/launch.py", line 214, in _denied
    raise ContractRefusal("policy", "denied", message)
baton_v12.contracts.errors.ContractRefusal: attempt 'attempt-7b5e070a732d64a31d8830d12147471913947786b9a59376be1…'s launch document is not the one this manager would have written for it; a document that is merely well formed proves which KIND of thing it is and not which delivery

======================================================================
ERROR: test_lost_pass_answer_remains_completed_after_a_later_assignment (tests.tools.test_stage_execution.OrdinaryTerminalLifecycle.test_lost_pass_answer_remains_completed_after_a_later_assignment)
----------------------------------------------------------------------
Traceback (most recent call last):
  File "/home/sl/src/baton/v12/python/tests/tools/test_stage_execution.py", line 4145, in test_lost_pass_answer_remains_completed_after_a_later_assignment
    held = self.answered_integration()
  File "/home/sl/src/baton/v12/python/tests/tools/test_stage_execution.py", line 4100, in answered_integration
    held = self.accepted_correction()
  File "/home/sl/src/baton/v12/python/tests/tools/test_stage_execution.py", line 3747, in accepted_correction
    held = self.reviewed("changes-requested")
  File "/home/sl/src/baton/v12/python/tests/tools/test_stage_execution.py", line 3403, in reviewed
    held = self.implemented()
  File "/home/sl/src/baton/v12/python/tests/tools/test_stage_execution.py", line 2780, in implemented
    self.turn(control, "implementation", attempt_id, roots,
    ~~~~~~~~~^^^^^^^^^^^^^^^^^^^^^^^^^^^^^^^^^^^^^^^^^^^^^^
              **operands), 0)
              ^^^^^^^^^^^
  File "/home/sl/src/baton/v12/python/tests/tools/test_stage_execution.py", line 2699, in turn
    delivered = launch.adopt(
        self.config["launch_home"], attempt_id=attempt_id,
    ...<2 lines>...
        transport=exchange.EXCHANGE_TRANSPORT,
        workspace_group=single_worker.configured_workspace_group(control))
  File "/home/sl/src/baton/v12/python/src/baton_v12/worker_manager/launch.py", line 738, in adopt
    _denied(f"attempt {name_value(attempt)}'s launch document is not the "
    ~~~~~~~^^^^^^^^^^^^^^^^^^^^^^^^^^^^^^^^^^^^^^^^^^^^^^^^^^^^^^^^^^^^^^^
            f"one this manager would have written for it; a document that "
            ^^^^^^^^^^^^^^^^^^^^^^^^^^^^^^^^^^^^^^^^^^^^^^^^^^^^^^^^^^^^^^^
            f"is merely well formed proves which KIND of thing it is and "
            ^^^^^^^^^^^^^^^^^^^^^^^^^^^^^^^^^^^^^^^^^^^^^^^^^^^^^^^^^^^^^^
            f"not which delivery")
            ^^^^^^^^^^^^^^^^^^^^^^
  File "/home/sl/src/baton/v12/python/src/baton_v12/worker_manager/launch.py", line 214, in _denied
    raise ContractRefusal("policy", "denied", message)
baton_v12.contracts.errors.ContractRefusal: attempt 'attempt-7b5e070a732d64a31d8830d12147471913947786b9a59376be1…'s launch document is not the one this manager would have written for it; a document that is merely well formed proves which KIND of thing it is and not which delivery

======================================================================
ERROR: test_one_job_completes_correction_integration_and_terminal_handoff (tests.tools.test_stage_execution.OrdinaryTerminalLifecycle.test_one_job_completes_correction_integration_and_terminal_handoff)
----------------------------------------------------------------------
Traceback (most recent call last):
  File "/home/sl/src/baton/v12/python/tests/tools/test_stage_execution.py", line 3819, in test_one_job_completes_correction_integration_and_terminal_handoff
    held = self.accepted_correction()
  File "/home/sl/src/baton/v12/python/tests/tools/test_stage_execution.py", line 3747, in accepted_correction
    held = self.reviewed("changes-requested")
  File "/home/sl/src/baton/v12/python/tests/tools/test_stage_execution.py", line 3403, in reviewed
    held = self.implemented()
  File "/home/sl/src/baton/v12/python/tests/tools/test_stage_execution.py", line 2780, in implemented
    self.turn(control, "implementation", attempt_id, roots,
    ~~~~~~~~~^^^^^^^^^^^^^^^^^^^^^^^^^^^^^^^^^^^^^^^^^^^^^^
              **operands), 0)
              ^^^^^^^^^^^
  File "/home/sl/src/baton/v12/python/tests/tools/test_stage_execution.py", line 2699, in turn
    delivered = launch.adopt(
        self.config["launch_home"], attempt_id=attempt_id,
    ...<2 lines>...
        transport=exchange.EXCHANGE_TRANSPORT,
        workspace_group=single_worker.configured_workspace_group(control))
  File "/home/sl/src/baton/v12/python/src/baton_v12/worker_manager/launch.py", line 738, in adopt
    _denied(f"attempt {name_value(attempt)}'s launch document is not the "
    ~~~~~~~^^^^^^^^^^^^^^^^^^^^^^^^^^^^^^^^^^^^^^^^^^^^^^^^^^^^^^^^^^^^^^^
            f"one this manager would have written for it; a document that "
            ^^^^^^^^^^^^^^^^^^^^^^^^^^^^^^^^^^^^^^^^^^^^^^^^^^^^^^^^^^^^^^^
            f"is merely well formed proves which KIND of thing it is and "
            ^^^^^^^^^^^^^^^^^^^^^^^^^^^^^^^^^^^^^^^^^^^^^^^^^^^^^^^^^^^^^^
            f"not which delivery")
            ^^^^^^^^^^^^^^^^^^^^^^
  File "/home/sl/src/baton/v12/python/src/baton_v12/worker_manager/launch.py", line 214, in _denied
    raise ContractRefusal("policy", "denied", message)
baton_v12.contracts.errors.ContractRefusal: attempt 'attempt-7b5e070a732d64a31d8830d12147471913947786b9a59376be1…'s launch document is not the one this manager would have written for it; a document that is merely well formed proves which KIND of thing it is and not which delivery

======================================================================
ERROR: test_running_integrator_result_cannot_end_its_assignment (tests.tools.test_stage_execution.OrdinaryTerminalLifecycle.test_running_integrator_result_cannot_end_its_assignment)
----------------------------------------------------------------------
Traceback (most recent call last):
  File "/home/sl/src/baton/v12/python/tests/tools/test_stage_execution.py", line 4112, in test_running_integrator_result_cannot_end_its_assignment
    held = self.answered_integration()
  File "/home/sl/src/baton/v12/python/tests/tools/test_stage_execution.py", line 4100, in answered_integration
    held = self.accepted_correction()
  File "/home/sl/src/baton/v12/python/tests/tools/test_stage_execution.py", line 3747, in accepted_correction
    held = self.reviewed("changes-requested")
  File "/home/sl/src/baton/v12/python/tests/tools/test_stage_execution.py", line 3403, in reviewed
    held = self.implemented()
  File "/home/sl/src/baton/v12/python/tests/tools/test_stage_execution.py", line 2780, in implemented
    self.turn(control, "implementation", attempt_id, roots,
    ~~~~~~~~~^^^^^^^^^^^^^^^^^^^^^^^^^^^^^^^^^^^^^^^^^^^^^^
              **operands), 0)
              ^^^^^^^^^^^
  File "/home/sl/src/baton/v12/python/tests/tools/test_stage_execution.py", line 2699, in turn
    delivered = launch.adopt(
        self.config["launch_home"], attempt_id=attempt_id,
    ...<2 lines>...
        transport=exchange.EXCHANGE_TRANSPORT,
        workspace_group=single_worker.configured_workspace_group(control))
  File "/home/sl/src/baton/v12/python/src/baton_v12/worker_manager/launch.py", line 738, in adopt
    _denied(f"attempt {name_value(attempt)}'s launch document is not the "
    ~~~~~~~^^^^^^^^^^^^^^^^^^^^^^^^^^^^^^^^^^^^^^^^^^^^^^^^^^^^^^^^^^^^^^^
            f"one this manager would have written for it; a document that "
            ^^^^^^^^^^^^^^^^^^^^^^^^^^^^^^^^^^^^^^^^^^^^^^^^^^^^^^^^^^^^^^^
            f"is merely well formed proves which KIND of thing it is and "
            ^^^^^^^^^^^^^^^^^^^^^^^^^^^^^^^^^^^^^^^^^^^^^^^^^^^^^^^^^^^^^^
            f"not which delivery")
            ^^^^^^^^^^^^^^^^^^^^^^
  File "/home/sl/src/baton/v12/python/src/baton_v12/worker_manager/launch.py", line 214, in _denied
    raise ContractRefusal("policy", "denied", message)
baton_v12.contracts.errors.ContractRefusal: attempt 'attempt-7b5e070a732d64a31d8830d12147471913947786b9a59376be1…'s launch document is not the one this manager would have written for it; a document that is merely well formed proves which KIND of thing it is and not which delivery

======================================================================
ERROR: test_serving_observation_reads_only_existing_owners (tests.tools.test_stage_execution.OrdinaryTerminalLifecycle.test_serving_observation_reads_only_existing_owners)
----------------------------------------------------------------------
Traceback (most recent call last):
  File "/home/sl/src/baton/v12/python/tests/tools/test_stage_execution.py", line 4181, in test_serving_observation_reads_only_existing_owners
    held = self.answered_integration()
  File "/home/sl/src/baton/v12/python/tests/tools/test_stage_execution.py", line 4100, in answered_integration
    held = self.accepted_correction()
  File "/home/sl/src/baton/v12/python/tests/tools/test_stage_execution.py", line 3747, in accepted_correction
    held = self.reviewed("changes-requested")
  File "/home/sl/src/baton/v12/python/tests/tools/test_stage_execution.py", line 3403, in reviewed
    held = self.implemented()
  File "/home/sl/src/baton/v12/python/tests/tools/test_stage_execution.py", line 2780, in implemented
    self.turn(control, "implementation", attempt_id, roots,
    ~~~~~~~~~^^^^^^^^^^^^^^^^^^^^^^^^^^^^^^^^^^^^^^^^^^^^^^
              **operands), 0)
              ^^^^^^^^^^^
  File "/home/sl/src/baton/v12/python/tests/tools/test_stage_execution.py", line 2699, in turn
    delivered = launch.adopt(
        self.config["launch_home"], attempt_id=attempt_id,
    ...<2 lines>...
        transport=exchange.EXCHANGE_TRANSPORT,
        workspace_group=single_worker.configured_workspace_group(control))
  File "/home/sl/src/baton/v12/python/src/baton_v12/worker_manager/launch.py", line 738, in adopt
    _denied(f"attempt {name_value(attempt)}'s launch document is not the "
    ~~~~~~~^^^^^^^^^^^^^^^^^^^^^^^^^^^^^^^^^^^^^^^^^^^^^^^^^^^^^^^^^^^^^^^
            f"one this manager would have written for it; a document that "
            ^^^^^^^^^^^^^^^^^^^^^^^^^^^^^^^^^^^^^^^^^^^^^^^^^^^^^^^^^^^^^^^
            f"is merely well formed proves which KIND of thing it is and "
            ^^^^^^^^^^^^^^^^^^^^^^^^^^^^^^^^^^^^^^^^^^^^^^^^^^^^^^^^^^^^^^
            f"not which delivery")
            ^^^^^^^^^^^^^^^^^^^^^^
  File "/home/sl/src/baton/v12/python/src/baton_v12/worker_manager/launch.py", line 214, in _denied
    raise ContractRefusal("policy", "denied", message)
baton_v12.contracts.errors.ContractRefusal: attempt 'attempt-7b5e070a732d64a31d8830d12147471913947786b9a59376be1…'s launch document is not the one this manager would have written for it; a document that is merely well formed proves which KIND of thing it is and not which delivery

======================================================================
ERROR: test_the_accepted_checkpoint_is_the_corrections_and_its_pin_holds (tests.tools.test_stage_execution.OrdinaryTerminalLifecycle.test_the_accepted_checkpoint_is_the_corrections_and_its_pin_holds)
W119114: one line, two rounds, and the pin the integration reads.
----------------------------------------------------------------------
Traceback (most recent call last):
  File "/home/sl/src/baton/v12/python/tests/tools/test_stage_execution.py", line 3912, in test_the_accepted_checkpoint_is_the_corrections_and_its_pin_holds
    held = self.accepted_correction()
  File "/home/sl/src/baton/v12/python/tests/tools/test_stage_execution.py", line 3747, in accepted_correction
    held = self.reviewed("changes-requested")
  File "/home/sl/src/baton/v12/python/tests/tools/test_stage_execution.py", line 3403, in reviewed
    held = self.implemented()
  File "/home/sl/src/baton/v12/python/tests/tools/test_stage_execution.py", line 2780, in implemented
    self.turn(control, "implementation", attempt_id, roots,
    ~~~~~~~~~^^^^^^^^^^^^^^^^^^^^^^^^^^^^^^^^^^^^^^^^^^^^^^
              **operands), 0)
              ^^^^^^^^^^^
  File "/home/sl/src/baton/v12/python/tests/tools/test_stage_execution.py", line 2699, in turn
    delivered = launch.adopt(
        self.config["launch_home"], attempt_id=attempt_id,
    ...<2 lines>...
        transport=exchange.EXCHANGE_TRANSPORT,
        workspace_group=single_worker.configured_workspace_group(control))
  File "/home/sl/src/baton/v12/python/src/baton_v12/worker_manager/launch.py", line 738, in adopt
    _denied(f"attempt {name_value(attempt)}'s launch document is not the "
    ~~~~~~~^^^^^^^^^^^^^^^^^^^^^^^^^^^^^^^^^^^^^^^^^^^^^^^^^^^^^^^^^^^^^^^
            f"one this manager would have written for it; a document that "
            ^^^^^^^^^^^^^^^^^^^^^^^^^^^^^^^^^^^^^^^^^^^^^^^^^^^^^^^^^^^^^^^
            f"is merely well formed proves which KIND of thing it is and "
            ^^^^^^^^^^^^^^^^^^^^^^^^^^^^^^^^^^^^^^^^^^^^^^^^^^^^^^^^^^^^^^
            f"not which delivery")
            ^^^^^^^^^^^^^^^^^^^^^^
  File "/home/sl/src/baton/v12/python/src/baton_v12/worker_manager/launch.py", line 214, in _denied
    raise ContractRefusal("policy", "denied", message)
baton_v12.contracts.errors.ContractRefusal: attempt 'attempt-7b5e070a732d64a31d8830d12147471913947786b9a59376be1…'s launch document is not the one this manager would have written for it; a document that is merely well formed proves which KIND of thing it is and not which delivery

======================================================================
ERROR: test_the_corrected_rounds_retained_bytes_reopen_at_their_locator (tests.tools.test_stage_execution.OrdinaryTerminalLifecycle.test_the_corrected_rounds_retained_bytes_reopen_at_their_locator)
W119114: the mandatory custody check, on the JOINED chain.
----------------------------------------------------------------------
Traceback (most recent call last):
  File "/home/sl/src/baton/v12/python/tests/tools/test_stage_execution.py", line 3882, in test_the_corrected_rounds_retained_bytes_reopen_at_their_locator
    held = self.accepted_correction()
  File "/home/sl/src/baton/v12/python/tests/tools/test_stage_execution.py", line 3747, in accepted_correction
    held = self.reviewed("changes-requested")
  File "/home/sl/src/baton/v12/python/tests/tools/test_stage_execution.py", line 3403, in reviewed
    held = self.implemented()
  File "/home/sl/src/baton/v12/python/tests/tools/test_stage_execution.py", line 2780, in implemented
    self.turn(control, "implementation", attempt_id, roots,
    ~~~~~~~~~^^^^^^^^^^^^^^^^^^^^^^^^^^^^^^^^^^^^^^^^^^^^^^
              **operands), 0)
              ^^^^^^^^^^^
  File "/home/sl/src/baton/v12/python/tests/tools/test_stage_execution.py", line 2699, in turn
    delivered = launch.adopt(
        self.config["launch_home"], attempt_id=attempt_id,
    ...<2 lines>...
        transport=exchange.EXCHANGE_TRANSPORT,
        workspace_group=single_worker.configured_workspace_group(control))
  File "/home/sl/src/baton/v12/python/src/baton_v12/worker_manager/launch.py", line 738, in adopt
    _denied(f"attempt {name_value(attempt)}'s launch document is not the "
    ~~~~~~~^^^^^^^^^^^^^^^^^^^^^^^^^^^^^^^^^^^^^^^^^^^^^^^^^^^^^^^^^^^^^^^
            f"one this manager would have written for it; a document that "
            ^^^^^^^^^^^^^^^^^^^^^^^^^^^^^^^^^^^^^^^^^^^^^^^^^^^^^^^^^^^^^^^
            f"is merely well formed proves which KIND of thing it is and "
            ^^^^^^^^^^^^^^^^^^^^^^^^^^^^^^^^^^^^^^^^^^^^^^^^^^^^^^^^^^^^^^
            f"not which delivery")
            ^^^^^^^^^^^^^^^^^^^^^^
  File "/home/sl/src/baton/v12/python/src/baton_v12/worker_manager/launch.py", line 214, in _denied
    raise ContractRefusal("policy", "denied", message)
baton_v12.contracts.errors.ContractRefusal: attempt 'attempt-7b5e070a732d64a31d8830d12147471913947786b9a59376be1…'s launch document is not the one this manager would have written for it; a document that is merely well formed proves which KIND of thing it is and not which delivery

======================================================================
ERROR: test_the_recovered_job_finishes_and_its_manifest_reopens (tests.tools.test_stage_execution.OrdinaryTerminalLifecycle.test_the_recovered_job_finishes_and_its_manifest_reopens)
[P1] THE RECOVERED JOB, DRIVEN TO ITS TERMINAL HANDOFF, and then
----------------------------------------------------------------------
Traceback (most recent call last):
  File "/home/sl/src/baton/v12/python/tests/tools/test_stage_execution.py", line 4002, in test_the_recovered_job_finishes_and_its_manifest_reopens
    held = self.recovered_correction()
  File "/home/sl/src/baton/v12/python/tests/tools/test_stage_execution.py", line 3945, in recovered_correction
    held = self.started_correction(self.committed_handoff())
                                   ~~~~~~~~~~~~~~~~~~~~~~^^
  File "/home/sl/src/baton/v12/python/tests/tools/test_stage_execution.py", line 4398, in committed_handoff
    held = self.reviewed(verdict="changes-requested")
  File "/home/sl/src/baton/v12/python/tests/tools/test_stage_execution.py", line 3403, in reviewed
    held = self.implemented()
  File "/home/sl/src/baton/v12/python/tests/tools/test_stage_execution.py", line 2780, in implemented
    self.turn(control, "implementation", attempt_id, roots,
    ~~~~~~~~~^^^^^^^^^^^^^^^^^^^^^^^^^^^^^^^^^^^^^^^^^^^^^^
              **operands), 0)
              ^^^^^^^^^^^
  File "/home/sl/src/baton/v12/python/tests/tools/test_stage_execution.py", line 2699, in turn
    delivered = launch.adopt(
        self.config["launch_home"], attempt_id=attempt_id,
    ...<2 lines>...
        transport=exchange.EXCHANGE_TRANSPORT,
        workspace_group=single_worker.configured_workspace_group(control))
  File "/home/sl/src/baton/v12/python/src/baton_v12/worker_manager/launch.py", line 738, in adopt
    _denied(f"attempt {name_value(attempt)}'s launch document is not the "
    ~~~~~~~^^^^^^^^^^^^^^^^^^^^^^^^^^^^^^^^^^^^^^^^^^^^^^^^^^^^^^^^^^^^^^^
            f"one this manager would have written for it; a document that "
            ^^^^^^^^^^^^^^^^^^^^^^^^^^^^^^^^^^^^^^^^^^^^^^^^^^^^^^^^^^^^^^^
            f"is merely well formed proves which KIND of thing it is and "
            ^^^^^^^^^^^^^^^^^^^^^^^^^^^^^^^^^^^^^^^^^^^^^^^^^^^^^^^^^^^^^^
            f"not which delivery")
            ^^^^^^^^^^^^^^^^^^^^^^
  File "/home/sl/src/baton/v12/python/src/baton_v12/worker_manager/launch.py", line 214, in _denied
    raise ContractRefusal("policy", "denied", message)
baton_v12.contracts.errors.ContractRefusal: attempt 'attempt-7b5e070a732d64a31d8830d12147471913947786b9a59376be1…'s launch document is not the one this manager would have written for it; a document that is merely well formed proves which KIND of thing it is and not which delivery

======================================================================
ERROR: test_uncertain_integration_effect_stays_held (tests.tools.test_stage_execution.OrdinaryTerminalLifecycle.test_uncertain_integration_effect_stays_held)
----------------------------------------------------------------------
Traceback (most recent call last):
  File "/home/sl/src/baton/v12/python/tests/tools/test_stage_execution.py", line 4169, in test_uncertain_integration_effect_stays_held
    held = self.answered_integration(behavior="index")
  File "/home/sl/src/baton/v12/python/tests/tools/test_stage_execution.py", line 4100, in answered_integration
    held = self.accepted_correction()
  File "/home/sl/src/baton/v12/python/tests/tools/test_stage_execution.py", line 3747, in accepted_correction
    held = self.reviewed("changes-requested")
  File "/home/sl/src/baton/v12/python/tests/tools/test_stage_execution.py", line 3403, in reviewed
    held = self.implemented()
  File "/home/sl/src/baton/v12/python/tests/tools/test_stage_execution.py", line 2780, in implemented
    self.turn(control, "implementation", attempt_id, roots,
    ~~~~~~~~~^^^^^^^^^^^^^^^^^^^^^^^^^^^^^^^^^^^^^^^^^^^^^^
              **operands), 0)
              ^^^^^^^^^^^
  File "/home/sl/src/baton/v12/python/tests/tools/test_stage_execution.py", line 2699, in turn
    delivered = launch.adopt(
        self.config["launch_home"], attempt_id=attempt_id,
    ...<2 lines>...
        transport=exchange.EXCHANGE_TRANSPORT,
        workspace_group=single_worker.configured_workspace_group(control))
  File "/home/sl/src/baton/v12/python/src/baton_v12/worker_manager/launch.py", line 738, in adopt
    _denied(f"attempt {name_value(attempt)}'s launch document is not the "
    ~~~~~~~^^^^^^^^^^^^^^^^^^^^^^^^^^^^^^^^^^^^^^^^^^^^^^^^^^^^^^^^^^^^^^^
            f"one this manager would have written for it; a document that "
            ^^^^^^^^^^^^^^^^^^^^^^^^^^^^^^^^^^^^^^^^^^^^^^^^^^^^^^^^^^^^^^^
            f"is merely well formed proves which KIND of thing it is and "
            ^^^^^^^^^^^^^^^^^^^^^^^^^^^^^^^^^^^^^^^^^^^^^^^^^^^^^^^^^^^^^^
            f"not which delivery")
            ^^^^^^^^^^^^^^^^^^^^^^
  File "/home/sl/src/baton/v12/python/src/baton_v12/worker_manager/launch.py", line 214, in _denied
    raise ContractRefusal("policy", "denied", message)
baton_v12.contracts.errors.ContractRefusal: attempt 'attempt-7b5e070a732d64a31d8830d12147471913947786b9a59376be1…'s launch document is not the one this manager would have written for it; a document that is merely well formed proves which KIND of thing it is and not which delivery

======================================================================
ERROR: test_a_reconstructed_manager_re_enters_the_same_ending (tests.tools.test_stage_execution.TheComposedEndingIsOrderedAndSettledFromItsOwnRecord.test_a_reconstructed_manager_re_enters_the_same_ending)
THE CUTPOINT THIS WORK EXISTS FOR, driven through the actual
----------------------------------------------------------------------
Traceback (most recent call last):
  File "/home/sl/src/baton/v12/python/tests/tools/test_stage_execution.py", line 3200, in test_a_reconstructed_manager_re_enters_the_same_ending
    held = self.cleaned_up()
  File "/home/sl/src/baton/v12/python/tests/tools/test_stage_execution.py", line 3124, in cleaned_up
    self.turn(control, "implementation", attempt_id, roots,
    ~~~~~~~~~^^^^^^^^^^^^^^^^^^^^^^^^^^^^^^^^^^^^^^^^^^^^^^
              edits={"harness.py": "print('the corrected harness')\n"}),
              ^^^^^^^^^^^^^^^^^^^^^^^^^^^^^^^^^^^^^^^^^^^^^^^^^^^^^^^^^
  File "/home/sl/src/baton/v12/python/tests/tools/test_stage_execution.py", line 2699, in turn
    delivered = launch.adopt(
        self.config["launch_home"], attempt_id=attempt_id,
    ...<2 lines>...
        transport=exchange.EXCHANGE_TRANSPORT,
        workspace_group=single_worker.configured_workspace_group(control))
  File "/home/sl/src/baton/v12/python/src/baton_v12/worker_manager/launch.py", line 738, in adopt
    _denied(f"attempt {name_value(attempt)}'s launch document is not the "
    ~~~~~~~^^^^^^^^^^^^^^^^^^^^^^^^^^^^^^^^^^^^^^^^^^^^^^^^^^^^^^^^^^^^^^^
            f"one this manager would have written for it; a document that "
            ^^^^^^^^^^^^^^^^^^^^^^^^^^^^^^^^^^^^^^^^^^^^^^^^^^^^^^^^^^^^^^^
            f"is merely well formed proves which KIND of thing it is and "
            ^^^^^^^^^^^^^^^^^^^^^^^^^^^^^^^^^^^^^^^^^^^^^^^^^^^^^^^^^^^^^^
            f"not which delivery")
            ^^^^^^^^^^^^^^^^^^^^^^
  File "/home/sl/src/baton/v12/python/src/baton_v12/worker_manager/launch.py", line 214, in _denied
    raise ContractRefusal("policy", "denied", message)
baton_v12.contracts.errors.ContractRefusal: attempt 'attempt-7b5e070a732d64a31d8830d12147471913947786b9a59376be1…'s launch document is not the one this manager would have written for it; a document that is merely well formed proves which KIND of thing it is and not which delivery

======================================================================
ERROR: test_the_historical_entry_reconstructs_no_mount_or_credential (tests.tools.test_stage_execution.TheComposedEndingIsOrderedAndSettledFromItsOwnRecord.test_the_historical_entry_reconstructs_no_mount_or_credential)
The entry the ordinary ending cannot be.
----------------------------------------------------------------------
Traceback (most recent call last):
  File "/home/sl/src/baton/v12/python/tests/tools/test_stage_execution.py", line 3268, in test_the_historical_entry_reconstructs_no_mount_or_credential
    held = self.cleaned_up()
  File "/home/sl/src/baton/v12/python/tests/tools/test_stage_execution.py", line 3124, in cleaned_up
    self.turn(control, "implementation", attempt_id, roots,
    ~~~~~~~~~^^^^^^^^^^^^^^^^^^^^^^^^^^^^^^^^^^^^^^^^^^^^^^
              edits={"harness.py": "print('the corrected harness')\n"}),
              ^^^^^^^^^^^^^^^^^^^^^^^^^^^^^^^^^^^^^^^^^^^^^^^^^^^^^^^^^
  File "/home/sl/src/baton/v12/python/tests/tools/test_stage_execution.py", line 2699, in turn
    delivered = launch.adopt(
        self.config["launch_home"], attempt_id=attempt_id,
    ...<2 lines>...
        transport=exchange.EXCHANGE_TRANSPORT,
        workspace_group=single_worker.configured_workspace_group(control))
  File "/home/sl/src/baton/v12/python/src/baton_v12/worker_manager/launch.py", line 738, in adopt
    _denied(f"attempt {name_value(attempt)}'s launch document is not the "
    ~~~~~~~^^^^^^^^^^^^^^^^^^^^^^^^^^^^^^^^^^^^^^^^^^^^^^^^^^^^^^^^^^^^^^^
            f"one this manager would have written for it; a document that "
            ^^^^^^^^^^^^^^^^^^^^^^^^^^^^^^^^^^^^^^^^^^^^^^^^^^^^^^^^^^^^^^^
            f"is merely well formed proves which KIND of thing it is and "
            ^^^^^^^^^^^^^^^^^^^^^^^^^^^^^^^^^^^^^^^^^^^^^^^^^^^^^^^^^^^^^^
            f"not which delivery")
            ^^^^^^^^^^^^^^^^^^^^^^
  File "/home/sl/src/baton/v12/python/src/baton_v12/worker_manager/launch.py", line 214, in _denied
    raise ContractRefusal("policy", "denied", message)
baton_v12.contracts.errors.ContractRefusal: attempt 'attempt-7b5e070a732d64a31d8830d12147471913947786b9a59376be1…'s launch document is not the one this manager would have written for it; a document that is merely well formed proves which KIND of thing it is and not which delivery

======================================================================
ERROR: test_the_historical_operands_come_from_the_recorded_obligation (tests.tools.test_stage_execution.TheComposedEndingIsOrderedAndSettledFromItsOwnRecord.test_the_historical_operands_come_from_the_recorded_obligation)
Not from the exchange the ordinary ending reads them off.
----------------------------------------------------------------------
Traceback (most recent call last):
  File "/home/sl/src/baton/v12/python/tests/tools/test_stage_execution.py", line 3290, in test_the_historical_operands_come_from_the_recorded_obligation
    held = self.cleaned_up()
  File "/home/sl/src/baton/v12/python/tests/tools/test_stage_execution.py", line 3124, in cleaned_up
    self.turn(control, "implementation", attempt_id, roots,
    ~~~~~~~~~^^^^^^^^^^^^^^^^^^^^^^^^^^^^^^^^^^^^^^^^^^^^^^
              edits={"harness.py": "print('the corrected harness')\n"}),
              ^^^^^^^^^^^^^^^^^^^^^^^^^^^^^^^^^^^^^^^^^^^^^^^^^^^^^^^^^
  File "/home/sl/src/baton/v12/python/tests/tools/test_stage_execution.py", line 2699, in turn
    delivered = launch.adopt(
        self.config["launch_home"], attempt_id=attempt_id,
    ...<2 lines>...
        transport=exchange.EXCHANGE_TRANSPORT,
        workspace_group=single_worker.configured_workspace_group(control))
  File "/home/sl/src/baton/v12/python/src/baton_v12/worker_manager/launch.py", line 738, in adopt
    _denied(f"attempt {name_value(attempt)}'s launch document is not the "
    ~~~~~~~^^^^^^^^^^^^^^^^^^^^^^^^^^^^^^^^^^^^^^^^^^^^^^^^^^^^^^^^^^^^^^^
            f"one this manager would have written for it; a document that "
            ^^^^^^^^^^^^^^^^^^^^^^^^^^^^^^^^^^^^^^^^^^^^^^^^^^^^^^^^^^^^^^^
            f"is merely well formed proves which KIND of thing it is and "
            ^^^^^^^^^^^^^^^^^^^^^^^^^^^^^^^^^^^^^^^^^^^^^^^^^^^^^^^^^^^^^^
            f"not which delivery")
            ^^^^^^^^^^^^^^^^^^^^^^
  File "/home/sl/src/baton/v12/python/src/baton_v12/worker_manager/launch.py", line 214, in _denied
    raise ContractRefusal("policy", "denied", message)
baton_v12.contracts.errors.ContractRefusal: attempt 'attempt-7b5e070a732d64a31d8830d12147471913947786b9a59376be1…'s launch document is not the one this manager would have written for it; a document that is merely well formed proves which KIND of thing it is and not which delivery

======================================================================
ERROR: test_the_obligation_is_registered_and_settled_by_ordinary_ticks (tests.tools.test_stage_execution.TheComposedEndingIsOrderedAndSettledFromItsOwnRecord.test_the_obligation_is_registered_and_settled_by_ordinary_ticks)
----------------------------------------------------------------------
Traceback (most recent call last):
  File "/home/sl/src/baton/v12/python/tests/tools/test_stage_execution.py", line 3158, in test_the_obligation_is_registered_and_settled_by_ordinary_ticks
    held = self.implemented()
  File "/home/sl/src/baton/v12/python/tests/tools/test_stage_execution.py", line 2780, in implemented
    self.turn(control, "implementation", attempt_id, roots,
    ~~~~~~~~~^^^^^^^^^^^^^^^^^^^^^^^^^^^^^^^^^^^^^^^^^^^^^^
              **operands), 0)
              ^^^^^^^^^^^
  File "/home/sl/src/baton/v12/python/tests/tools/test_stage_execution.py", line 2699, in turn
    delivered = launch.adopt(
        self.config["launch_home"], attempt_id=attempt_id,
    ...<2 lines>...
        transport=exchange.EXCHANGE_TRANSPORT,
        workspace_group=single_worker.configured_workspace_group(control))
  File "/home/sl/src/baton/v12/python/src/baton_v12/worker_manager/launch.py", line 738, in adopt
    _denied(f"attempt {name_value(attempt)}'s launch document is not the "
    ~~~~~~~^^^^^^^^^^^^^^^^^^^^^^^^^^^^^^^^^^^^^^^^^^^^^^^^^^^^^^^^^^^^^^^
            f"one this manager would have written for it; a document that "
            ^^^^^^^^^^^^^^^^^^^^^^^^^^^^^^^^^^^^^^^^^^^^^^^^^^^^^^^^^^^^^^^
            f"is merely well formed proves which KIND of thing it is and "
            ^^^^^^^^^^^^^^^^^^^^^^^^^^^^^^^^^^^^^^^^^^^^^^^^^^^^^^^^^^^^^^
            f"not which delivery")
            ^^^^^^^^^^^^^^^^^^^^^^
  File "/home/sl/src/baton/v12/python/src/baton_v12/worker_manager/launch.py", line 214, in _denied
    raise ContractRefusal("policy", "denied", message)
baton_v12.contracts.errors.ContractRefusal: attempt 'attempt-7b5e070a732d64a31d8830d12147471913947786b9a59376be1…'s launch document is not the one this manager would have written for it; a document that is merely well formed proves which KIND of thing it is and not which delivery

======================================================================
ERROR: test_the_recovered_writer_is_the_attempts_and_not_the_lines_pointer (tests.tools.test_stage_execution.TheComposedEndingIsOrderedAndSettledFromItsOwnRecord.test_the_recovered_writer_is_the_attempts_and_not_the_lines_pointer)
The durable operand, read through the accepted public reader.
----------------------------------------------------------------------
Traceback (most recent call last):
  File "/home/sl/src/baton/v12/python/tests/tools/test_stage_execution.py", line 3222, in test_the_recovered_writer_is_the_attempts_and_not_the_lines_pointer
    held = self.cleaned_up()
  File "/home/sl/src/baton/v12/python/tests/tools/test_stage_execution.py", line 3124, in cleaned_up
    self.turn(control, "implementation", attempt_id, roots,
    ~~~~~~~~~^^^^^^^^^^^^^^^^^^^^^^^^^^^^^^^^^^^^^^^^^^^^^^
              edits={"harness.py": "print('the corrected harness')\n"}),
              ^^^^^^^^^^^^^^^^^^^^^^^^^^^^^^^^^^^^^^^^^^^^^^^^^^^^^^^^^
  File "/home/sl/src/baton/v12/python/tests/tools/test_stage_execution.py", line 2699, in turn
    delivered = launch.adopt(
        self.config["launch_home"], attempt_id=attempt_id,
    ...<2 lines>...
        transport=exchange.EXCHANGE_TRANSPORT,
        workspace_group=single_worker.configured_workspace_group(control))
  File "/home/sl/src/baton/v12/python/src/baton_v12/worker_manager/launch.py", line 738, in adopt
    _denied(f"attempt {name_value(attempt)}'s launch document is not the "
    ~~~~~~~^^^^^^^^^^^^^^^^^^^^^^^^^^^^^^^^^^^^^^^^^^^^^^^^^^^^^^^^^^^^^^^
            f"one this manager would have written for it; a document that "
            ^^^^^^^^^^^^^^^^^^^^^^^^^^^^^^^^^^^^^^^^^^^^^^^^^^^^^^^^^^^^^^^
            f"is merely well formed proves which KIND of thing it is and "
            ^^^^^^^^^^^^^^^^^^^^^^^^^^^^^^^^^^^^^^^^^^^^^^^^^^^^^^^^^^^^^^
            f"not which delivery")
            ^^^^^^^^^^^^^^^^^^^^^^
  File "/home/sl/src/baton/v12/python/src/baton_v12/worker_manager/launch.py", line 214, in _denied
    raise ContractRefusal("policy", "denied", message)
baton_v12.contracts.errors.ContractRefusal: attempt 'attempt-7b5e070a732d64a31d8830d12147471913947786b9a59376be1…'s launch document is not the one this manager would have written for it; a document that is merely well formed proves which KIND of thing it is and not which delivery

======================================================================
ERROR: test_the_settlement_names_the_records_that_finished_the_ending (tests.tools.test_stage_execution.TheComposedEndingIsOrderedAndSettledFromItsOwnRecord.test_the_settlement_names_the_records_that_finished_the_ending)
Every member is an identity an operator can look up in the owner
----------------------------------------------------------------------
Traceback (most recent call last):
  File "/home/sl/src/baton/v12/python/tests/tools/test_stage_execution.py", line 3173, in test_the_settlement_names_the_records_that_finished_the_ending
    held = self.implemented()
  File "/home/sl/src/baton/v12/python/tests/tools/test_stage_execution.py", line 2780, in implemented
    self.turn(control, "implementation", attempt_id, roots,
    ~~~~~~~~~^^^^^^^^^^^^^^^^^^^^^^^^^^^^^^^^^^^^^^^^^^^^^^
              **operands), 0)
              ^^^^^^^^^^^
  File "/home/sl/src/baton/v12/python/tests/tools/test_stage_execution.py", line 2699, in turn
    delivered = launch.adopt(
        self.config["launch_home"], attempt_id=attempt_id,
    ...<2 lines>...
        transport=exchange.EXCHANGE_TRANSPORT,
        workspace_group=single_worker.configured_workspace_group(control))
  File "/home/sl/src/baton/v12/python/src/baton_v12/worker_manager/launch.py", line 738, in adopt
    _denied(f"attempt {name_value(attempt)}'s launch document is not the "
    ~~~~~~~^^^^^^^^^^^^^^^^^^^^^^^^^^^^^^^^^^^^^^^^^^^^^^^^^^^^^^^^^^^^^^^
            f"one this manager would have written for it; a document that "
            ^^^^^^^^^^^^^^^^^^^^^^^^^^^^^^^^^^^^^^^^^^^^^^^^^^^^^^^^^^^^^^^
            f"is merely well formed proves which KIND of thing it is and "
            ^^^^^^^^^^^^^^^^^^^^^^^^^^^^^^^^^^^^^^^^^^^^^^^^^^^^^^^^^^^^^^
            f"not which delivery")
            ^^^^^^^^^^^^^^^^^^^^^^
  File "/home/sl/src/baton/v12/python/src/baton_v12/worker_manager/launch.py", line 214, in _denied
    raise ContractRefusal("policy", "denied", message)
baton_v12.contracts.errors.ContractRefusal: attempt 'attempt-7b5e070a732d64a31d8830d12147471913947786b9a59376be1…'s launch document is not the one this manager would have written for it; a document that is merely well formed proves which KIND of thing it is and not which delivery

======================================================================
ERROR: test_the_completed_implementation_leaves_the_work_ungated (tests.tools.test_stage_execution.TheComposedHandoffCarriesItsOwnQuiescenceEvidence.test_the_completed_implementation_leaves_the_work_ungated)
The converted assertion: `block` on a quiescence gate became
----------------------------------------------------------------------
Traceback (most recent call last):
  File "/home/sl/src/baton/v12/python/tests/tools/test_stage_execution.py", line 3065, in test_the_completed_implementation_leaves_the_work_ungated
    held = self.implemented()
  File "/home/sl/src/baton/v12/python/tests/tools/test_stage_execution.py", line 2780, in implemented
    self.turn(control, "implementation", attempt_id, roots,
    ~~~~~~~~~^^^^^^^^^^^^^^^^^^^^^^^^^^^^^^^^^^^^^^^^^^^^^^
              **operands), 0)
              ^^^^^^^^^^^
  File "/home/sl/src/baton/v12/python/tests/tools/test_stage_execution.py", line 2699, in turn
    delivered = launch.adopt(
        self.config["launch_home"], attempt_id=attempt_id,
    ...<2 lines>...
        transport=exchange.EXCHANGE_TRANSPORT,
        workspace_group=single_worker.configured_workspace_group(control))
  File "/home/sl/src/baton/v12/python/src/baton_v12/worker_manager/launch.py", line 738, in adopt
    _denied(f"attempt {name_value(attempt)}'s launch document is not the "
    ~~~~~~~^^^^^^^^^^^^^^^^^^^^^^^^^^^^^^^^^^^^^^^^^^^^^^^^^^^^^^^^^^^^^^^
            f"one this manager would have written for it; a document that "
            ^^^^^^^^^^^^^^^^^^^^^^^^^^^^^^^^^^^^^^^^^^^^^^^^^^^^^^^^^^^^^^^
            f"is merely well formed proves which KIND of thing it is and "
            ^^^^^^^^^^^^^^^^^^^^^^^^^^^^^^^^^^^^^^^^^^^^^^^^^^^^^^^^^^^^^^
            f"not which delivery")
            ^^^^^^^^^^^^^^^^^^^^^^
  File "/home/sl/src/baton/v12/python/src/baton_v12/worker_manager/launch.py", line 214, in _denied
    raise ContractRefusal("policy", "denied", message)
baton_v12.contracts.errors.ContractRefusal: attempt 'attempt-7b5e070a732d64a31d8830d12147471913947786b9a59376be1…'s launch document is not the one this manager would have written for it; a document that is merely well formed proves which KIND of thing it is and not which delivery

======================================================================
ERROR: test_the_review_stage_is_queued_and_its_offer_is_issued (tests.tools.test_stage_execution.TheComposedHandoffCarriesItsOwnQuiescenceEvidence.test_the_review_stage_is_queued_and_its_offer_is_issued)
The converted assertion: the offer used to be DEFERRED against an
----------------------------------------------------------------------
Traceback (most recent call last):
  File "/home/sl/src/baton/v12/python/tests/tools/test_stage_execution.py", line 3083, in test_the_review_stage_is_queued_and_its_offer_is_issued
    held = self.implemented()
  File "/home/sl/src/baton/v12/python/tests/tools/test_stage_execution.py", line 2780, in implemented
    self.turn(control, "implementation", attempt_id, roots,
    ~~~~~~~~~^^^^^^^^^^^^^^^^^^^^^^^^^^^^^^^^^^^^^^^^^^^^^^
              **operands), 0)
              ^^^^^^^^^^^
  File "/home/sl/src/baton/v12/python/tests/tools/test_stage_execution.py", line 2699, in turn
    delivered = launch.adopt(
        self.config["launch_home"], attempt_id=attempt_id,
    ...<2 lines>...
        transport=exchange.EXCHANGE_TRANSPORT,
        workspace_group=single_worker.configured_workspace_group(control))
  File "/home/sl/src/baton/v12/python/src/baton_v12/worker_manager/launch.py", line 738, in adopt
    _denied(f"attempt {name_value(attempt)}'s launch document is not the "
    ~~~~~~~^^^^^^^^^^^^^^^^^^^^^^^^^^^^^^^^^^^^^^^^^^^^^^^^^^^^^^^^^^^^^^^
            f"one this manager would have written for it; a document that "
            ^^^^^^^^^^^^^^^^^^^^^^^^^^^^^^^^^^^^^^^^^^^^^^^^^^^^^^^^^^^^^^^
            f"is merely well formed proves which KIND of thing it is and "
            ^^^^^^^^^^^^^^^^^^^^^^^^^^^^^^^^^^^^^^^^^^^^^^^^^^^^^^^^^^^^^^
            f"not which delivery")
            ^^^^^^^^^^^^^^^^^^^^^^
  File "/home/sl/src/baton/v12/python/src/baton_v12/worker_manager/launch.py", line 214, in _denied
    raise ContractRefusal("policy", "denied", message)
baton_v12.contracts.errors.ContractRefusal: attempt 'attempt-7b5e070a732d64a31d8830d12147471913947786b9a59376be1…'s launch document is not the one this manager would have written for it; a document that is merely well formed proves which KIND of thing it is and not which delivery

======================================================================
ERROR: test_one_submitted_job_reaches_a_completed_implementation_stage (tests.tools.test_stage_execution.TheComposedImplementationHalfRunsOnOrdinaryTicks.test_one_submitted_job_reaches_a_completed_implementation_stage)
No operator transition after the submission, measured as one.
----------------------------------------------------------------------
Traceback (most recent call last):
  File "/home/sl/src/baton/v12/python/tests/tools/test_stage_execution.py", line 2803, in test_one_submitted_job_reaches_a_completed_implementation_stage
    held = self.implemented()
  File "/home/sl/src/baton/v12/python/tests/tools/test_stage_execution.py", line 2780, in implemented
    self.turn(control, "implementation", attempt_id, roots,
    ~~~~~~~~~^^^^^^^^^^^^^^^^^^^^^^^^^^^^^^^^^^^^^^^^^^^^^^
              **operands), 0)
              ^^^^^^^^^^^
  File "/home/sl/src/baton/v12/python/tests/tools/test_stage_execution.py", line 2699, in turn
    delivered = launch.adopt(
        self.config["launch_home"], attempt_id=attempt_id,
    ...<2 lines>...
        transport=exchange.EXCHANGE_TRANSPORT,
        workspace_group=single_worker.configured_workspace_group(control))
  File "/home/sl/src/baton/v12/python/src/baton_v12/worker_manager/launch.py", line 738, in adopt
    _denied(f"attempt {name_value(attempt)}'s launch document is not the "
    ~~~~~~~^^^^^^^^^^^^^^^^^^^^^^^^^^^^^^^^^^^^^^^^^^^^^^^^^^^^^^^^^^^^^^^
            f"one this manager would have written for it; a document that "
            ^^^^^^^^^^^^^^^^^^^^^^^^^^^^^^^^^^^^^^^^^^^^^^^^^^^^^^^^^^^^^^^
            f"is merely well formed proves which KIND of thing it is and "
            ^^^^^^^^^^^^^^^^^^^^^^^^^^^^^^^^^^^^^^^^^^^^^^^^^^^^^^^^^^^^^^
            f"not which delivery")
            ^^^^^^^^^^^^^^^^^^^^^^
  File "/home/sl/src/baton/v12/python/src/baton_v12/worker_manager/launch.py", line 214, in _denied
    raise ContractRefusal("policy", "denied", message)
baton_v12.contracts.errors.ContractRefusal: attempt 'attempt-7b5e070a732d64a31d8830d12147471913947786b9a59376be1…'s launch document is not the one this manager would have written for it; a document that is merely well formed proves which KIND of thing it is and not which delivery

======================================================================
ERROR: test_the_ending_reached_every_accepted_owner (tests.tools.test_stage_execution.TheComposedImplementationHalfRunsOnOrdinaryTicks.test_the_ending_reached_every_accepted_owner)
Read back from each owner's own durable record, not from the answer
----------------------------------------------------------------------
Traceback (most recent call last):
  File "/home/sl/src/baton/v12/python/tests/tools/test_stage_execution.py", line 2848, in test_the_ending_reached_every_accepted_owner
    held = self.implemented()
  File "/home/sl/src/baton/v12/python/tests/tools/test_stage_execution.py", line 2780, in implemented
    self.turn(control, "implementation", attempt_id, roots,
    ~~~~~~~~~^^^^^^^^^^^^^^^^^^^^^^^^^^^^^^^^^^^^^^^^^^^^^^
              **operands), 0)
              ^^^^^^^^^^^
  File "/home/sl/src/baton/v12/python/tests/tools/test_stage_execution.py", line 2699, in turn
    delivered = launch.adopt(
        self.config["launch_home"], attempt_id=attempt_id,
    ...<2 lines>...
        transport=exchange.EXCHANGE_TRANSPORT,
        workspace_group=single_worker.configured_workspace_group(control))
  File "/home/sl/src/baton/v12/python/src/baton_v12/worker_manager/launch.py", line 738, in adopt
    _denied(f"attempt {name_value(attempt)}'s launch document is not the "
    ~~~~~~~^^^^^^^^^^^^^^^^^^^^^^^^^^^^^^^^^^^^^^^^^^^^^^^^^^^^^^^^^^^^^^^
            f"one this manager would have written for it; a document that "
            ^^^^^^^^^^^^^^^^^^^^^^^^^^^^^^^^^^^^^^^^^^^^^^^^^^^^^^^^^^^^^^^
            f"is merely well formed proves which KIND of thing it is and "
            ^^^^^^^^^^^^^^^^^^^^^^^^^^^^^^^^^^^^^^^^^^^^^^^^^^^^^^^^^^^^^^
            f"not which delivery")
            ^^^^^^^^^^^^^^^^^^^^^^
  File "/home/sl/src/baton/v12/python/src/baton_v12/worker_manager/launch.py", line 214, in _denied
    raise ContractRefusal("policy", "denied", message)
baton_v12.contracts.errors.ContractRefusal: attempt 'attempt-7b5e070a732d64a31d8830d12147471913947786b9a59376be1…'s launch document is not the one this manager would have written for it; a document that is merely well formed proves which KIND of thing it is and not which delivery

======================================================================
ERROR: test_the_publication_named_the_proposal_the_authority_recorded (tests.tools.test_stage_execution.TheComposedImplementationHalfRunsOnOrdinaryTicks.test_the_publication_named_the_proposal_the_authority_recorded)
The publication is the real one, so the accepted checkpoint's own
----------------------------------------------------------------------
Traceback (most recent call last):
  File "/home/sl/src/baton/v12/python/tests/tools/test_stage_execution.py", line 2870, in test_the_publication_named_the_proposal_the_authority_recorded
    held = self.implemented()
  File "/home/sl/src/baton/v12/python/tests/tools/test_stage_execution.py", line 2780, in implemented
    self.turn(control, "implementation", attempt_id, roots,
    ~~~~~~~~~^^^^^^^^^^^^^^^^^^^^^^^^^^^^^^^^^^^^^^^^^^^^^^
              **operands), 0)
              ^^^^^^^^^^^
  File "/home/sl/src/baton/v12/python/tests/tools/test_stage_execution.py", line 2699, in turn
    delivered = launch.adopt(
        self.config["launch_home"], attempt_id=attempt_id,
    ...<2 lines>...
        transport=exchange.EXCHANGE_TRANSPORT,
        workspace_group=single_worker.configured_workspace_group(control))
  File "/home/sl/src/baton/v12/python/src/baton_v12/worker_manager/launch.py", line 738, in adopt
    _denied(f"attempt {name_value(attempt)}'s launch document is not the "
    ~~~~~~~^^^^^^^^^^^^^^^^^^^^^^^^^^^^^^^^^^^^^^^^^^^^^^^^^^^^^^^^^^^^^^^
            f"one this manager would have written for it; a document that "
            ^^^^^^^^^^^^^^^^^^^^^^^^^^^^^^^^^^^^^^^^^^^^^^^^^^^^^^^^^^^^^^^
            f"is merely well formed proves which KIND of thing it is and "
            ^^^^^^^^^^^^^^^^^^^^^^^^^^^^^^^^^^^^^^^^^^^^^^^^^^^^^^^^^^^^^^
            f"not which delivery")
            ^^^^^^^^^^^^^^^^^^^^^^
  File "/home/sl/src/baton/v12/python/src/baton_v12/worker_manager/launch.py", line 214, in _denied
    raise ContractRefusal("policy", "denied", message)
baton_v12.contracts.errors.ContractRefusal: attempt 'attempt-7b5e070a732d64a31d8830d12147471913947786b9a59376be1…'s launch document is not the one this manager would have written for it; a document that is merely well formed proves which KIND of thing it is and not which delivery

======================================================================
ERROR: test_the_real_worker_committed_the_line_and_claimed_its_objects (tests.tools.test_stage_execution.TheComposedImplementationHalfRunsOnOrdinaryTicks.test_the_real_worker_committed_the_line_and_claimed_its_objects)
The producer is the actual workload, so its claim is its own.
----------------------------------------------------------------------
Traceback (most recent call last):
  File "/home/sl/src/baton/v12/python/tests/tools/test_stage_execution.py", line 2823, in test_the_real_worker_committed_the_line_and_claimed_its_objects
    held = self.implemented()
  File "/home/sl/src/baton/v12/python/tests/tools/test_stage_execution.py", line 2780, in implemented
    self.turn(control, "implementation", attempt_id, roots,
    ~~~~~~~~~^^^^^^^^^^^^^^^^^^^^^^^^^^^^^^^^^^^^^^^^^^^^^^
              **operands), 0)
              ^^^^^^^^^^^
  File "/home/sl/src/baton/v12/python/tests/tools/test_stage_execution.py", line 2699, in turn
    delivered = launch.adopt(
        self.config["launch_home"], attempt_id=attempt_id,
    ...<2 lines>...
        transport=exchange.EXCHANGE_TRANSPORT,
        workspace_group=single_worker.configured_workspace_group(control))
  File "/home/sl/src/baton/v12/python/src/baton_v12/worker_manager/launch.py", line 738, in adopt
    _denied(f"attempt {name_value(attempt)}'s launch document is not the "
    ~~~~~~~^^^^^^^^^^^^^^^^^^^^^^^^^^^^^^^^^^^^^^^^^^^^^^^^^^^^^^^^^^^^^^^
            f"one this manager would have written for it; a document that "
            ^^^^^^^^^^^^^^^^^^^^^^^^^^^^^^^^^^^^^^^^^^^^^^^^^^^^^^^^^^^^^^^
            f"is merely well formed proves which KIND of thing it is and "
            ^^^^^^^^^^^^^^^^^^^^^^^^^^^^^^^^^^^^^^^^^^^^^^^^^^^^^^^^^^^^^^
            f"not which delivery")
            ^^^^^^^^^^^^^^^^^^^^^^
  File "/home/sl/src/baton/v12/python/src/baton_v12/worker_manager/launch.py", line 214, in _denied
    raise ContractRefusal("policy", "denied", message)
baton_v12.contracts.errors.ContractRefusal: attempt 'attempt-7b5e070a732d64a31d8830d12147471913947786b9a59376be1…'s launch document is not the one this manager would have written for it; a document that is merely well formed proves which KIND of thing it is and not which delivery

======================================================================
ERROR: test_a_changes_requested_review_routes_back_to_the_producer (tests.tools.test_stage_execution.TheComposedJobTraversesReviewAndAcceptance.test_a_changes_requested_review_routes_back_to_the_producer)
REVIEW 2026-09-09T05:33Z [1], driven.
----------------------------------------------------------------------
Traceback (most recent call last):
  File "/home/sl/src/baton/v12/python/tests/tools/test_stage_execution.py", line 3500, in test_a_changes_requested_review_routes_back_to_the_producer
    held = self.reviewed(verdict="changes-requested")
  File "/home/sl/src/baton/v12/python/tests/tools/test_stage_execution.py", line 3403, in reviewed
    held = self.implemented()
  File "/home/sl/src/baton/v12/python/tests/tools/test_stage_execution.py", line 2780, in implemented
    self.turn(control, "implementation", attempt_id, roots,
    ~~~~~~~~~^^^^^^^^^^^^^^^^^^^^^^^^^^^^^^^^^^^^^^^^^^^^^^
              **operands), 0)
              ^^^^^^^^^^^
  File "/home/sl/src/baton/v12/python/tests/tools/test_stage_execution.py", line 2699, in turn
    delivered = launch.adopt(
        self.config["launch_home"], attempt_id=attempt_id,
    ...<2 lines>...
        transport=exchange.EXCHANGE_TRANSPORT,
        workspace_group=single_worker.configured_workspace_group(control))
  File "/home/sl/src/baton/v12/python/src/baton_v12/worker_manager/launch.py", line 738, in adopt
    _denied(f"attempt {name_value(attempt)}'s launch document is not the "
    ~~~~~~~^^^^^^^^^^^^^^^^^^^^^^^^^^^^^^^^^^^^^^^^^^^^^^^^^^^^^^^^^^^^^^^
            f"one this manager would have written for it; a document that "
            ^^^^^^^^^^^^^^^^^^^^^^^^^^^^^^^^^^^^^^^^^^^^^^^^^^^^^^^^^^^^^^^
            f"is merely well formed proves which KIND of thing it is and "
            ^^^^^^^^^^^^^^^^^^^^^^^^^^^^^^^^^^^^^^^^^^^^^^^^^^^^^^^^^^^^^^
            f"not which delivery")
            ^^^^^^^^^^^^^^^^^^^^^^
  File "/home/sl/src/baton/v12/python/src/baton_v12/worker_manager/launch.py", line 214, in _denied
    raise ContractRefusal("policy", "denied", message)
baton_v12.contracts.errors.ContractRefusal: attempt 'attempt-7b5e070a732d64a31d8830d12147471913947786b9a59376be1…'s launch document is not the one this manager would have written for it; a document that is merely well formed proves which KIND of thing it is and not which delivery

======================================================================
ERROR: test_each_handoff_left_the_runtime_gate_exactly_as_it_found_it (tests.tools.test_stage_execution.TheComposedJobTraversesReviewAndAcceptance.test_each_handoff_left_the_runtime_gate_exactly_as_it_found_it)
A handoff moves the route and nothing else.
----------------------------------------------------------------------
Traceback (most recent call last):
  File "/home/sl/src/baton/v12/python/tests/tools/test_stage_execution.py", line 3484, in test_each_handoff_left_the_runtime_gate_exactly_as_it_found_it
    self.implemented()
    ~~~~~~~~~~~~~~~~^^
  File "/home/sl/src/baton/v12/python/tests/tools/test_stage_execution.py", line 2780, in implemented
    self.turn(control, "implementation", attempt_id, roots,
    ~~~~~~~~~^^^^^^^^^^^^^^^^^^^^^^^^^^^^^^^^^^^^^^^^^^^^^^
              **operands), 0)
              ^^^^^^^^^^^
  File "/home/sl/src/baton/v12/python/tests/tools/test_stage_execution.py", line 2699, in turn
    delivered = launch.adopt(
        self.config["launch_home"], attempt_id=attempt_id,
    ...<2 lines>...
        transport=exchange.EXCHANGE_TRANSPORT,
        workspace_group=single_worker.configured_workspace_group(control))
  File "/home/sl/src/baton/v12/python/src/baton_v12/worker_manager/launch.py", line 738, in adopt
    _denied(f"attempt {name_value(attempt)}'s launch document is not the "
    ~~~~~~~^^^^^^^^^^^^^^^^^^^^^^^^^^^^^^^^^^^^^^^^^^^^^^^^^^^^^^^^^^^^^^^
            f"one this manager would have written for it; a document that "
            ^^^^^^^^^^^^^^^^^^^^^^^^^^^^^^^^^^^^^^^^^^^^^^^^^^^^^^^^^^^^^^^
            f"is merely well formed proves which KIND of thing it is and "
            ^^^^^^^^^^^^^^^^^^^^^^^^^^^^^^^^^^^^^^^^^^^^^^^^^^^^^^^^^^^^^^
            f"not which delivery")
            ^^^^^^^^^^^^^^^^^^^^^^
  File "/home/sl/src/baton/v12/python/src/baton_v12/worker_manager/launch.py", line 214, in _denied
    raise ContractRefusal("policy", "denied", message)
baton_v12.contracts.errors.ContractRefusal: attempt 'attempt-7b5e070a732d64a31d8830d12147471913947786b9a59376be1…'s launch document is not the one this manager would have written for it; a document that is merely well formed proves which KIND of thing it is and not which delivery

======================================================================
ERROR: test_the_accepted_integration_port_composes_from_this_deployment (tests.tools.test_stage_execution.TheComposedJobTraversesReviewAndAcceptance.test_the_accepted_integration_port_composes_from_this_deployment)
Every operand this port names is one this deployment resolves.
----------------------------------------------------------------------
Traceback (most recent call last):
  File "/home/sl/src/baton/v12/python/tests/tools/test_stage_execution.py", line 3597, in test_the_accepted_integration_port_composes_from_this_deployment
    held = self.reviewed()
  File "/home/sl/src/baton/v12/python/tests/tools/test_stage_execution.py", line 3403, in reviewed
    held = self.implemented()
  File "/home/sl/src/baton/v12/python/tests/tools/test_stage_execution.py", line 2780, in implemented
    self.turn(control, "implementation", attempt_id, roots,
    ~~~~~~~~~^^^^^^^^^^^^^^^^^^^^^^^^^^^^^^^^^^^^^^^^^^^^^^
              **operands), 0)
              ^^^^^^^^^^^
  File "/home/sl/src/baton/v12/python/tests/tools/test_stage_execution.py", line 2699, in turn
    delivered = launch.adopt(
        self.config["launch_home"], attempt_id=attempt_id,
    ...<2 lines>...
        transport=exchange.EXCHANGE_TRANSPORT,
        workspace_group=single_worker.configured_workspace_group(control))
  File "/home/sl/src/baton/v12/python/src/baton_v12/worker_manager/launch.py", line 738, in adopt
    _denied(f"attempt {name_value(attempt)}'s launch document is not the "
    ~~~~~~~^^^^^^^^^^^^^^^^^^^^^^^^^^^^^^^^^^^^^^^^^^^^^^^^^^^^^^^^^^^^^^^
            f"one this manager would have written for it; a document that "
            ^^^^^^^^^^^^^^^^^^^^^^^^^^^^^^^^^^^^^^^^^^^^^^^^^^^^^^^^^^^^^^^
            f"is merely well formed proves which KIND of thing it is and "
            ^^^^^^^^^^^^^^^^^^^^^^^^^^^^^^^^^^^^^^^^^^^^^^^^^^^^^^^^^^^^^^
            f"not which delivery")
            ^^^^^^^^^^^^^^^^^^^^^^
  File "/home/sl/src/baton/v12/python/src/baton_v12/worker_manager/launch.py", line 214, in _denied
    raise ContractRefusal("policy", "denied", message)
baton_v12.contracts.errors.ContractRefusal: attempt 'attempt-7b5e070a732d64a31d8830d12147471913947786b9a59376be1…'s launch document is not the one this manager would have written for it; a document that is merely well formed proves which KIND of thing it is and not which delivery

======================================================================
ERROR: test_the_accepted_review_hands_off_and_the_integrator_claims (tests.tools.test_stage_execution.TheComposedJobTraversesReviewAndAcceptance.test_the_accepted_review_hands_off_and_the_integrator_claims)
The second handoff, and the stage it makes eligible.
----------------------------------------------------------------------
Traceback (most recent call last):
  File "/home/sl/src/baton/v12/python/tests/tools/test_stage_execution.py", line 3472, in test_the_accepted_review_hands_off_and_the_integrator_claims
    held = self.reviewed()
  File "/home/sl/src/baton/v12/python/tests/tools/test_stage_execution.py", line 3403, in reviewed
    held = self.implemented()
  File "/home/sl/src/baton/v12/python/tests/tools/test_stage_execution.py", line 2780, in implemented
    self.turn(control, "implementation", attempt_id, roots,
    ~~~~~~~~~^^^^^^^^^^^^^^^^^^^^^^^^^^^^^^^^^^^^^^^^^^^^^^
              **operands), 0)
              ^^^^^^^^^^^
  File "/home/sl/src/baton/v12/python/tests/tools/test_stage_execution.py", line 2699, in turn
    delivered = launch.adopt(
        self.config["launch_home"], attempt_id=attempt_id,
    ...<2 lines>...
        transport=exchange.EXCHANGE_TRANSPORT,
        workspace_group=single_worker.configured_workspace_group(control))
  File "/home/sl/src/baton/v12/python/src/baton_v12/worker_manager/launch.py", line 738, in adopt
    _denied(f"attempt {name_value(attempt)}'s launch document is not the "
    ~~~~~~~^^^^^^^^^^^^^^^^^^^^^^^^^^^^^^^^^^^^^^^^^^^^^^^^^^^^^^^^^^^^^^^
            f"one this manager would have written for it; a document that "
            ^^^^^^^^^^^^^^^^^^^^^^^^^^^^^^^^^^^^^^^^^^^^^^^^^^^^^^^^^^^^^^^
            f"is merely well formed proves which KIND of thing it is and "
            ^^^^^^^^^^^^^^^^^^^^^^^^^^^^^^^^^^^^^^^^^^^^^^^^^^^^^^^^^^^^^^
            f"not which delivery")
            ^^^^^^^^^^^^^^^^^^^^^^
  File "/home/sl/src/baton/v12/python/src/baton_v12/worker_manager/launch.py", line 214, in _denied
    raise ContractRefusal("policy", "denied", message)
baton_v12.contracts.errors.ContractRefusal: attempt 'attempt-7b5e070a732d64a31d8830d12147471913947786b9a59376be1…'s launch document is not the one this manager would have written for it; a document that is merely well formed proves which KIND of thing it is and not which delivery

======================================================================
ERROR: test_the_correction_round_claims_and_runs_a_second_time (tests.tools.test_stage_execution.TheComposedJobTraversesReviewAndAcceptance.test_the_correction_round_claims_and_runs_a_second_time)
The same submitted Job and the same persistent line, round two.
----------------------------------------------------------------------
Traceback (most recent call last):
  File "/home/sl/src/baton/v12/python/tests/tools/test_stage_execution.py", line 3511, in test_the_correction_round_claims_and_runs_a_second_time
    held = self.reviewed(verdict="changes-requested")
  File "/home/sl/src/baton/v12/python/tests/tools/test_stage_execution.py", line 3403, in reviewed
    held = self.implemented()
  File "/home/sl/src/baton/v12/python/tests/tools/test_stage_execution.py", line 2780, in implemented
    self.turn(control, "implementation", attempt_id, roots,
    ~~~~~~~~~^^^^^^^^^^^^^^^^^^^^^^^^^^^^^^^^^^^^^^^^^^^^^^
              **operands), 0)
              ^^^^^^^^^^^
  File "/home/sl/src/baton/v12/python/tests/tools/test_stage_execution.py", line 2699, in turn
    delivered = launch.adopt(
        self.config["launch_home"], attempt_id=attempt_id,
    ...<2 lines>...
        transport=exchange.EXCHANGE_TRANSPORT,
        workspace_group=single_worker.configured_workspace_group(control))
  File "/home/sl/src/baton/v12/python/src/baton_v12/worker_manager/launch.py", line 738, in adopt
    _denied(f"attempt {name_value(attempt)}'s launch document is not the "
    ~~~~~~~^^^^^^^^^^^^^^^^^^^^^^^^^^^^^^^^^^^^^^^^^^^^^^^^^^^^^^^^^^^^^^^
            f"one this manager would have written for it; a document that "
            ^^^^^^^^^^^^^^^^^^^^^^^^^^^^^^^^^^^^^^^^^^^^^^^^^^^^^^^^^^^^^^^
            f"is merely well formed proves which KIND of thing it is and "
            ^^^^^^^^^^^^^^^^^^^^^^^^^^^^^^^^^^^^^^^^^^^^^^^^^^^^^^^^^^^^^^
            f"not which delivery")
            ^^^^^^^^^^^^^^^^^^^^^^
  File "/home/sl/src/baton/v12/python/src/baton_v12/worker_manager/launch.py", line 214, in _denied
    raise ContractRefusal("policy", "denied", message)
baton_v12.contracts.errors.ContractRefusal: attempt 'attempt-7b5e070a732d64a31d8830d12147471913947786b9a59376be1…'s launch document is not the one this manager would have written for it; a document that is merely well formed proves which KIND of thing it is and not which delivery

======================================================================
ERROR: test_the_implementation_handoff_moves_the_work_to_the_review_route (tests.tools.test_stage_execution.TheComposedJobTraversesReviewAndAcceptance.test_the_implementation_handoff_moves_the_work_to_the_review_route)
THE ROUTE MOVED AND THE GATE DID NOT.
----------------------------------------------------------------------
Traceback (most recent call last):
  File "/home/sl/src/baton/v12/python/tests/tools/test_stage_execution.py", line 3437, in test_the_implementation_handoff_moves_the_work_to_the_review_route
    self.implemented()
    ~~~~~~~~~~~~~~~~^^
  File "/home/sl/src/baton/v12/python/tests/tools/test_stage_execution.py", line 2780, in implemented
    self.turn(control, "implementation", attempt_id, roots,
    ~~~~~~~~~^^^^^^^^^^^^^^^^^^^^^^^^^^^^^^^^^^^^^^^^^^^^^^
              **operands), 0)
              ^^^^^^^^^^^
  File "/home/sl/src/baton/v12/python/tests/tools/test_stage_execution.py", line 2699, in turn
    delivered = launch.adopt(
        self.config["launch_home"], attempt_id=attempt_id,
    ...<2 lines>...
        transport=exchange.EXCHANGE_TRANSPORT,
        workspace_group=single_worker.configured_workspace_group(control))
  File "/home/sl/src/baton/v12/python/src/baton_v12/worker_manager/launch.py", line 738, in adopt
    _denied(f"attempt {name_value(attempt)}'s launch document is not the "
    ~~~~~~~^^^^^^^^^^^^^^^^^^^^^^^^^^^^^^^^^^^^^^^^^^^^^^^^^^^^^^^^^^^^^^^
            f"one this manager would have written for it; a document that "
            ^^^^^^^^^^^^^^^^^^^^^^^^^^^^^^^^^^^^^^^^^^^^^^^^^^^^^^^^^^^^^^^
            f"is merely well formed proves which KIND of thing it is and "
            ^^^^^^^^^^^^^^^^^^^^^^^^^^^^^^^^^^^^^^^^^^^^^^^^^^^^^^^^^^^^^^
            f"not which delivery")
            ^^^^^^^^^^^^^^^^^^^^^^
  File "/home/sl/src/baton/v12/python/src/baton_v12/worker_manager/launch.py", line 214, in _denied
    raise ContractRefusal("policy", "denied", message)
baton_v12.contracts.errors.ContractRefusal: attempt 'attempt-7b5e070a732d64a31d8830d12147471913947786b9a59376be1…'s launch document is not the one this manager would have written for it; a document that is merely well formed proves which KIND of thing it is and not which delivery

======================================================================
ERROR: test_the_integration_stage_advances_through_that_port (tests.tools.test_stage_execution.TheComposedJobTraversesReviewAndAcceptance.test_the_integration_stage_advances_through_that_port)
THE WIRING THE FIXTURE NEVER HAD, driven on ordinary ticks.
----------------------------------------------------------------------
Traceback (most recent call last):
  File "/home/sl/src/baton/v12/python/tests/tools/test_stage_execution.py", line 3615, in test_the_integration_stage_advances_through_that_port
    held = self.reviewed()
  File "/home/sl/src/baton/v12/python/tests/tools/test_stage_execution.py", line 3403, in reviewed
    held = self.implemented()
  File "/home/sl/src/baton/v12/python/tests/tools/test_stage_execution.py", line 2780, in implemented
    self.turn(control, "implementation", attempt_id, roots,
    ~~~~~~~~~^^^^^^^^^^^^^^^^^^^^^^^^^^^^^^^^^^^^^^^^^^^^^^
              **operands), 0)
              ^^^^^^^^^^^
  File "/home/sl/src/baton/v12/python/tests/tools/test_stage_execution.py", line 2699, in turn
    delivered = launch.adopt(
        self.config["launch_home"], attempt_id=attempt_id,
    ...<2 lines>...
        transport=exchange.EXCHANGE_TRANSPORT,
        workspace_group=single_worker.configured_workspace_group(control))
  File "/home/sl/src/baton/v12/python/src/baton_v12/worker_manager/launch.py", line 738, in adopt
    _denied(f"attempt {name_value(attempt)}'s launch document is not the "
    ~~~~~~~^^^^^^^^^^^^^^^^^^^^^^^^^^^^^^^^^^^^^^^^^^^^^^^^^^^^^^^^^^^^^^^
            f"one this manager would have written for it; a document that "
            ^^^^^^^^^^^^^^^^^^^^^^^^^^^^^^^^^^^^^^^^^^^^^^^^^^^^^^^^^^^^^^^
            f"is merely well formed proves which KIND of thing it is and "
            ^^^^^^^^^^^^^^^^^^^^^^^^^^^^^^^^^^^^^^^^^^^^^^^^^^^^^^^^^^^^^^
            f"not which delivery")
            ^^^^^^^^^^^^^^^^^^^^^^
  File "/home/sl/src/baton/v12/python/src/baton_v12/worker_manager/launch.py", line 214, in _denied
    raise ContractRefusal("policy", "denied", message)
baton_v12.contracts.errors.ContractRefusal: attempt 'attempt-7b5e070a732d64a31d8830d12147471913947786b9a59376be1…'s launch document is not the one this manager would have written for it; a document that is merely well formed proves which KIND of thing it is and not which delivery

======================================================================
ERROR: test_the_integration_stage_stops_on_unconfigured_integrator_wiring (tests.tools.test_stage_execution.TheComposedJobTraversesReviewAndAcceptance.test_the_integration_stage_stops_on_unconfigured_integrator_wiring)
W103068 EXPECTATION CHANGE, and it is the point of the correction.
----------------------------------------------------------------------
Traceback (most recent call last):
  File "/home/sl/src/baton/v12/python/tests/tools/test_stage_execution.py", line 3665, in test_the_integration_stage_stops_on_unconfigured_integrator_wiring
    held = self.reviewed()
  File "/home/sl/src/baton/v12/python/tests/tools/test_stage_execution.py", line 3403, in reviewed
    held = self.implemented()
  File "/home/sl/src/baton/v12/python/tests/tools/test_stage_execution.py", line 2780, in implemented
    self.turn(control, "implementation", attempt_id, roots,
    ~~~~~~~~~^^^^^^^^^^^^^^^^^^^^^^^^^^^^^^^^^^^^^^^^^^^^^^
              **operands), 0)
              ^^^^^^^^^^^
  File "/home/sl/src/baton/v12/python/tests/tools/test_stage_execution.py", line 2699, in turn
    delivered = launch.adopt(
        self.config["launch_home"], attempt_id=attempt_id,
    ...<2 lines>...
        transport=exchange.EXCHANGE_TRANSPORT,
        workspace_group=single_worker.configured_workspace_group(control))
  File "/home/sl/src/baton/v12/python/src/baton_v12/worker_manager/launch.py", line 738, in adopt
    _denied(f"attempt {name_value(attempt)}'s launch document is not the "
    ~~~~~~~^^^^^^^^^^^^^^^^^^^^^^^^^^^^^^^^^^^^^^^^^^^^^^^^^^^^^^^^^^^^^^^
            f"one this manager would have written for it; a document that "
            ^^^^^^^^^^^^^^^^^^^^^^^^^^^^^^^^^^^^^^^^^^^^^^^^^^^^^^^^^^^^^^^
            f"is merely well formed proves which KIND of thing it is and "
            ^^^^^^^^^^^^^^^^^^^^^^^^^^^^^^^^^^^^^^^^^^^^^^^^^^^^^^^^^^^^^^
            f"not which delivery")
            ^^^^^^^^^^^^^^^^^^^^^^
  File "/home/sl/src/baton/v12/python/src/baton_v12/worker_manager/launch.py", line 214, in _denied
    raise ContractRefusal("policy", "denied", message)
baton_v12.contracts.errors.ContractRefusal: attempt 'attempt-7b5e070a732d64a31d8830d12147471913947786b9a59376be1…'s launch document is not the one this manager would have written for it; a document that is merely well formed proves which KIND of thing it is and not which delivery

======================================================================
ERROR: test_the_reviewer_claims_and_its_container_starts (tests.tools.test_stage_execution.TheComposedJobTraversesReviewAndAcceptance.test_the_reviewer_claims_and_its_container_starts)
The exact transition this campaign could not make.
----------------------------------------------------------------------
Traceback (most recent call last):
  File "/home/sl/src/baton/v12/python/tests/tools/test_stage_execution.py", line 3443, in test_the_reviewer_claims_and_its_container_starts
    held = self.implemented()
  File "/home/sl/src/baton/v12/python/tests/tools/test_stage_execution.py", line 2780, in implemented
    self.turn(control, "implementation", attempt_id, roots,
    ~~~~~~~~~^^^^^^^^^^^^^^^^^^^^^^^^^^^^^^^^^^^^^^^^^^^^^^
              **operands), 0)
              ^^^^^^^^^^^
  File "/home/sl/src/baton/v12/python/tests/tools/test_stage_execution.py", line 2699, in turn
    delivered = launch.adopt(
        self.config["launch_home"], attempt_id=attempt_id,
    ...<2 lines>...
        transport=exchange.EXCHANGE_TRANSPORT,
        workspace_group=single_worker.configured_workspace_group(control))
  File "/home/sl/src/baton/v12/python/src/baton_v12/worker_manager/launch.py", line 738, in adopt
    _denied(f"attempt {name_value(attempt)}'s launch document is not the "
    ~~~~~~~^^^^^^^^^^^^^^^^^^^^^^^^^^^^^^^^^^^^^^^^^^^^^^^^^^^^^^^^^^^^^^^
            f"one this manager would have written for it; a document that "
            ^^^^^^^^^^^^^^^^^^^^^^^^^^^^^^^^^^^^^^^^^^^^^^^^^^^^^^^^^^^^^^^
            f"is merely well formed proves which KIND of thing it is and "
            ^^^^^^^^^^^^^^^^^^^^^^^^^^^^^^^^^^^^^^^^^^^^^^^^^^^^^^^^^^^^^^
            f"not which delivery")
            ^^^^^^^^^^^^^^^^^^^^^^
  File "/home/sl/src/baton/v12/python/src/baton_v12/worker_manager/launch.py", line 214, in _denied
    raise ContractRefusal("policy", "denied", message)
baton_v12.contracts.errors.ContractRefusal: attempt 'attempt-7b5e070a732d64a31d8830d12147471913947786b9a59376be1…'s launch document is not the one this manager would have written for it; a document that is merely well formed proves which KIND of thing it is and not which delivery

======================================================================
ERROR: test_the_reviewers_own_verdict_completes_the_review_stage (tests.tools.test_stage_execution.TheComposedJobTraversesReviewAndAcceptance.test_the_reviewers_own_verdict_completes_the_review_stage)
The verdict is READ from the reviewer's frozen result.
----------------------------------------------------------------------
Traceback (most recent call last):
  File "/home/sl/src/baton/v12/python/tests/tools/test_stage_execution.py", line 3461, in test_the_reviewers_own_verdict_completes_the_review_stage
    held = self.reviewed()
  File "/home/sl/src/baton/v12/python/tests/tools/test_stage_execution.py", line 3403, in reviewed
    held = self.implemented()
  File "/home/sl/src/baton/v12/python/tests/tools/test_stage_execution.py", line 2780, in implemented
    self.turn(control, "implementation", attempt_id, roots,
    ~~~~~~~~~^^^^^^^^^^^^^^^^^^^^^^^^^^^^^^^^^^^^^^^^^^^^^^
              **operands), 0)
              ^^^^^^^^^^^
  File "/home/sl/src/baton/v12/python/tests/tools/test_stage_execution.py", line 2699, in turn
    delivered = launch.adopt(
        self.config["launch_home"], attempt_id=attempt_id,
    ...<2 lines>...
        transport=exchange.EXCHANGE_TRANSPORT,
        workspace_group=single_worker.configured_workspace_group(control))
  File "/home/sl/src/baton/v12/python/src/baton_v12/worker_manager/launch.py", line 738, in adopt
    _denied(f"attempt {name_value(attempt)}'s launch document is not the "
    ~~~~~~~^^^^^^^^^^^^^^^^^^^^^^^^^^^^^^^^^^^^^^^^^^^^^^^^^^^^^^^^^^^^^^^
            f"one this manager would have written for it; a document that "
            ^^^^^^^^^^^^^^^^^^^^^^^^^^^^^^^^^^^^^^^^^^^^^^^^^^^^^^^^^^^^^^^
            f"is merely well formed proves which KIND of thing it is and "
            ^^^^^^^^^^^^^^^^^^^^^^^^^^^^^^^^^^^^^^^^^^^^^^^^^^^^^^^^^^^^^^
            f"not which delivery")
            ^^^^^^^^^^^^^^^^^^^^^^
  File "/home/sl/src/baton/v12/python/src/baton_v12/worker_manager/launch.py", line 214, in _denied
    raise ContractRefusal("policy", "denied", message)
baton_v12.contracts.errors.ContractRefusal: attempt 'attempt-7b5e070a732d64a31d8830d12147471913947786b9a59376be1…'s launch document is not the one this manager would have written for it; a document that is merely well formed proves which KIND of thing it is and not which delivery

======================================================================
ERROR: test_the_ordinary_ending_journals_its_gate_discharge (tests.tools.test_stage_execution.TheDischargeReceiptIsCommittedWithItsOwnKind.test_the_ordinary_ending_journals_its_gate_discharge)
----------------------------------------------------------------------
Traceback (most recent call last):
  File "/home/sl/src/baton/v12/python/tests/tools/test_stage_execution.py", line 3353, in test_the_ordinary_ending_journals_its_gate_discharge
    held = self.implemented()
  File "/home/sl/src/baton/v12/python/tests/tools/test_stage_execution.py", line 2780, in implemented
    self.turn(control, "implementation", attempt_id, roots,
    ~~~~~~~~~^^^^^^^^^^^^^^^^^^^^^^^^^^^^^^^^^^^^^^^^^^^^^^
              **operands), 0)
              ^^^^^^^^^^^
  File "/home/sl/src/baton/v12/python/tests/tools/test_stage_execution.py", line 2699, in turn
    delivered = launch.adopt(
        self.config["launch_home"], attempt_id=attempt_id,
    ...<2 lines>...
        transport=exchange.EXCHANGE_TRANSPORT,
        workspace_group=single_worker.configured_workspace_group(control))
  File "/home/sl/src/baton/v12/python/src/baton_v12/worker_manager/launch.py", line 738, in adopt
    _denied(f"attempt {name_value(attempt)}'s launch document is not the "
    ~~~~~~~^^^^^^^^^^^^^^^^^^^^^^^^^^^^^^^^^^^^^^^^^^^^^^^^^^^^^^^^^^^^^^^
            f"one this manager would have written for it; a document that "
            ^^^^^^^^^^^^^^^^^^^^^^^^^^^^^^^^^^^^^^^^^^^^^^^^^^^^^^^^^^^^^^^
            f"is merely well formed proves which KIND of thing it is and "
            ^^^^^^^^^^^^^^^^^^^^^^^^^^^^^^^^^^^^^^^^^^^^^^^^^^^^^^^^^^^^^^
            f"not which delivery")
            ^^^^^^^^^^^^^^^^^^^^^^
  File "/home/sl/src/baton/v12/python/src/baton_v12/worker_manager/launch.py", line 214, in _denied
    raise ContractRefusal("policy", "denied", message)
baton_v12.contracts.errors.ContractRefusal: attempt 'attempt-7b5e070a732d64a31d8830d12147471913947786b9a59376be1…'s launch document is not the one this manager would have written for it; a document that is merely well formed proves which KIND of thing it is and not which delivery

======================================================================
ERROR: test_the_settlement_names_that_discharge (tests.tools.test_stage_execution.TheDischargeReceiptIsCommittedWithItsOwnKind.test_the_settlement_names_that_discharge)
The obligation is closed naming the act that cleared the gate.
----------------------------------------------------------------------
Traceback (most recent call last):
  File "/home/sl/src/baton/v12/python/tests/tools/test_stage_execution.py", line 3363, in test_the_settlement_names_that_discharge
    held = self.implemented()
  File "/home/sl/src/baton/v12/python/tests/tools/test_stage_execution.py", line 2780, in implemented
    self.turn(control, "implementation", attempt_id, roots,
    ~~~~~~~~~^^^^^^^^^^^^^^^^^^^^^^^^^^^^^^^^^^^^^^^^^^^^^^
              **operands), 0)
              ^^^^^^^^^^^
  File "/home/sl/src/baton/v12/python/tests/tools/test_stage_execution.py", line 2699, in turn
    delivered = launch.adopt(
        self.config["launch_home"], attempt_id=attempt_id,
    ...<2 lines>...
        transport=exchange.EXCHANGE_TRANSPORT,
        workspace_group=single_worker.configured_workspace_group(control))
  File "/home/sl/src/baton/v12/python/src/baton_v12/worker_manager/launch.py", line 738, in adopt
    _denied(f"attempt {name_value(attempt)}'s launch document is not the "
    ~~~~~~~^^^^^^^^^^^^^^^^^^^^^^^^^^^^^^^^^^^^^^^^^^^^^^^^^^^^^^^^^^^^^^^
            f"one this manager would have written for it; a document that "
            ^^^^^^^^^^^^^^^^^^^^^^^^^^^^^^^^^^^^^^^^^^^^^^^^^^^^^^^^^^^^^^^
            f"is merely well formed proves which KIND of thing it is and "
            ^^^^^^^^^^^^^^^^^^^^^^^^^^^^^^^^^^^^^^^^^^^^^^^^^^^^^^^^^^^^^^
            f"not which delivery")
            ^^^^^^^^^^^^^^^^^^^^^^
  File "/home/sl/src/baton/v12/python/src/baton_v12/worker_manager/launch.py", line 214, in _denied
    raise ContractRefusal("policy", "denied", message)
baton_v12.contracts.errors.ContractRefusal: attempt 'attempt-7b5e070a732d64a31d8830d12147471913947786b9a59376be1…'s launch document is not the one this manager would have written for it; a document that is merely well formed proves which KIND of thing it is and not which delivery

======================================================================
ERROR: test_a_delivery_carrying_no_assignment_is_the_first_tick (tests.tools.test_stage_execution.TheIntegrationStageConsumesTheAcceptedPort.test_a_delivery_carrying_no_assignment_is_the_first_tick) (delivery=False)
Absent or unpublished: neither invents an assignment.
----------------------------------------------------------------------
Traceback (most recent call last):
  File "/home/sl/src/baton/v12/python/tests/tools/test_stage_execution.py", line 1396, in test_a_delivery_carrying_no_assignment_is_the_first_tick
    _, calls, admit, keep, _ = self.driven(delivery=delivery,
                               ~~~~~~~~~~~^^^^^^^^^^^^^^^^^^^
                                           assignment=None)
                                           ^^^^^^^^^^^^^^^^
  File "/home/sl/src/baton/v12/python/tests/tools/test_stage_execution.py", line 1240, in driven
    answer = stage_execution.Integration(held, taken).run(
        {"attempt_id": "attempt-1", "kind": "integration"},
        {"job_id": "job-1"})
  File "/home/sl/src/baton/v12/python/tools/stage_execution.py", line 2090, in run
    answered = self._run(stage, job)
  File "/home/sl/src/baton/v12/python/tools/stage_execution.py", line 2151, in _run
    published = _authority_read(
        "the producer's proposal",
        lambda: deployment.authority.proposal(operands["proposal_id"]))
  File "/home/sl/src/baton/v12/python/tools/stage_execution.py", line 847, in _authority_read
    return read()
  File "/home/sl/src/baton/v12/python/tools/stage_execution.py", line 2153, in <lambda>
    lambda: deployment.authority.proposal(operands["proposal_id"]))
            ^^^^^^^^^^^^^^^^^^^^^^^^^^^^^
AttributeError: 'object' object has no attribute 'proposal'

======================================================================
ERROR: test_a_delivery_carrying_no_assignment_is_the_first_tick (tests.tools.test_stage_execution.TheIntegrationStageConsumesTheAcceptedPort.test_a_delivery_carrying_no_assignment_is_the_first_tick) (delivery=True)
Absent or unpublished: neither invents an assignment.
----------------------------------------------------------------------
Traceback (most recent call last):
  File "/home/sl/src/baton/v12/python/tests/tools/test_stage_execution.py", line 1396, in test_a_delivery_carrying_no_assignment_is_the_first_tick
    _, calls, admit, keep, _ = self.driven(delivery=delivery,
                               ~~~~~~~~~~~^^^^^^^^^^^^^^^^^^^
                                           assignment=None)
                                           ^^^^^^^^^^^^^^^^
  File "/home/sl/src/baton/v12/python/tests/tools/test_stage_execution.py", line 1240, in driven
    answer = stage_execution.Integration(held, taken).run(
        {"attempt_id": "attempt-1", "kind": "integration"},
        {"job_id": "job-1"})
  File "/home/sl/src/baton/v12/python/tools/stage_execution.py", line 2090, in run
    answered = self._run(stage, job)
  File "/home/sl/src/baton/v12/python/tools/stage_execution.py", line 2151, in _run
    published = _authority_read(
        "the producer's proposal",
        lambda: deployment.authority.proposal(operands["proposal_id"]))
  File "/home/sl/src/baton/v12/python/tools/stage_execution.py", line 847, in _authority_read
    return read()
  File "/home/sl/src/baton/v12/python/tools/stage_execution.py", line 2153, in <lambda>
    lambda: deployment.authority.proposal(operands["proposal_id"]))
            ^^^^^^^^^^^^^^^^^^^^^^^^^^^^^
AttributeError: 'object' object has no attribute 'proposal'

======================================================================
ERROR: test_a_delivery_with_no_started_runtime_is_not_refreshed (tests.tools.test_stage_execution.TheIntegrationStageConsumesTheAcceptedPort.test_a_delivery_with_no_started_runtime_is_not_refreshed)
The namespaces are materialized before the container, so a delivery
----------------------------------------------------------------------
Traceback (most recent call last):
  File "/home/sl/src/baton/v12/python/tests/tools/test_stage_execution.py", line 1363, in test_a_delivery_with_no_started_runtime_is_not_refreshed
    _, calls, admit, keep, _ = self.driven(
                               ~~~~~~~~~~~^
        delivery=object(), assignment={"attempt_id": "attempt-1"},
        ^^^^^^^^^^^^^^^^^^^^^^^^^^^^^^^^^^^^^^^^^^^^^^^^^^^^^^^^^^
        port=self.port(runtime_state="not-started"))
        ^^^^^^^^^^^^^^^^^^^^^^^^^^^^^^^^^^^^^^^^^^^^
  File "/home/sl/src/baton/v12/python/tests/tools/test_stage_execution.py", line 1240, in driven
    answer = stage_execution.Integration(held, taken).run(
        {"attempt_id": "attempt-1", "kind": "integration"},
        {"job_id": "job-1"})
  File "/home/sl/src/baton/v12/python/tools/stage_execution.py", line 2090, in run
    answered = self._run(stage, job)
  File "/home/sl/src/baton/v12/python/tools/stage_execution.py", line 2151, in _run
    published = _authority_read(
        "the producer's proposal",
        lambda: deployment.authority.proposal(operands["proposal_id"]))
  File "/home/sl/src/baton/v12/python/tools/stage_execution.py", line 847, in _authority_read
    return read()
  File "/home/sl/src/baton/v12/python/tools/stage_execution.py", line 2153, in <lambda>
    lambda: deployment.authority.proposal(operands["proposal_id"]))
            ^^^^^^^^^^^^^^^^^^^^^^^^^^^^^
AttributeError: 'object' object has no attribute 'proposal'

======================================================================
ERROR: test_a_later_tick_refreshes_before_it_continues (tests.tools.test_stage_execution.TheIntegrationStageConsumesTheAcceptedPort.test_a_later_tick_refreshes_before_it_continues)
Owner ruling M115946: refresh FIRST, then the port's own marker.
----------------------------------------------------------------------
Traceback (most recent call last):
  File "/home/sl/src/baton/v12/python/tests/tools/test_stage_execution.py", line 1325, in test_a_later_tick_refreshes_before_it_continues
    _, calls, admit, keep, seen = self.driven(
                                  ~~~~~~~~~~~^
        delivery=object(), assignment={"attempt_id": "attempt-1"})
        ^^^^^^^^^^^^^^^^^^^^^^^^^^^^^^^^^^^^^^^^^^^^^^^^^^^^^^^^^^
  File "/home/sl/src/baton/v12/python/tests/tools/test_stage_execution.py", line 1240, in driven
    answer = stage_execution.Integration(held, taken).run(
        {"attempt_id": "attempt-1", "kind": "integration"},
        {"job_id": "job-1"})
  File "/home/sl/src/baton/v12/python/tools/stage_execution.py", line 2090, in run
    answered = self._run(stage, job)
  File "/home/sl/src/baton/v12/python/tools/stage_execution.py", line 2151, in _run
    published = _authority_read(
        "the producer's proposal",
        lambda: deployment.authority.proposal(operands["proposal_id"]))
  File "/home/sl/src/baton/v12/python/tools/stage_execution.py", line 847, in _authority_read
    return read()
  File "/home/sl/src/baton/v12/python/tools/stage_execution.py", line 2153, in <lambda>
    lambda: deployment.authority.proposal(operands["proposal_id"]))
            ^^^^^^^^^^^^^^^^^^^^^^^^^^^^^
AttributeError: 'object' object has no attribute 'proposal'

======================================================================
ERROR: test_a_lost_marker_falls_through_to_admission (tests.tools.test_stage_execution.TheIntegrationStageConsumesTheAcceptedPort.test_a_lost_marker_falls_through_to_admission)
A fresh serving incarnation holds no marker, so the driver's own
----------------------------------------------------------------------
Traceback (most recent call last):
  File "/home/sl/src/baton/v12/python/tests/tools/test_stage_execution.py", line 1340, in test_a_lost_marker_falls_through_to_admission
    _, calls, admit, keep, _ = self.driven(
                               ~~~~~~~~~~~^
        delivery=object(), assignment={"attempt_id": "attempt-1"},
        ^^^^^^^^^^^^^^^^^^^^^^^^^^^^^^^^^^^^^^^^^^^^^^^^^^^^^^^^^^
        port=self.port(continuable=False))
        ^^^^^^^^^^^^^^^^^^^^^^^^^^^^^^^^^^
  File "/home/sl/src/baton/v12/python/tests/tools/test_stage_execution.py", line 1240, in driven
    answer = stage_execution.Integration(held, taken).run(
        {"attempt_id": "attempt-1", "kind": "integration"},
        {"job_id": "job-1"})
  File "/home/sl/src/baton/v12/python/tools/stage_execution.py", line 2090, in run
    answered = self._run(stage, job)
  File "/home/sl/src/baton/v12/python/tools/stage_execution.py", line 2151, in _run
    published = _authority_read(
        "the producer's proposal",
        lambda: deployment.authority.proposal(operands["proposal_id"]))
  File "/home/sl/src/baton/v12/python/tools/stage_execution.py", line 847, in _authority_read
    return read()
  File "/home/sl/src/baton/v12/python/tools/stage_execution.py", line 2153, in <lambda>
    lambda: deployment.authority.proposal(operands["proposal_id"]))
            ^^^^^^^^^^^^^^^^^^^^^^^^^^^^^
AttributeError: 'object' object has no attribute 'proposal'

======================================================================
ERROR: test_a_started_or_uncertain_runtime_is_never_prepared_here (tests.tools.test_stage_execution.TheIntegrationStageConsumesTheAcceptedPort.test_a_started_or_uncertain_runtime_is_never_prepared_here) (runtime='running')
The other side of that branch, which is why it IS a branch.
----------------------------------------------------------------------
Traceback (most recent call last):
  File "/home/sl/src/baton/v12/python/tests/tools/test_stage_execution.py", line 1382, in test_a_started_or_uncertain_runtime_is_never_prepared_here
    _, calls, admit, keep, _ = self.driven(
                               ~~~~~~~~~~~^
        delivery=object(),
        ^^^^^^^^^^^^^^^^^^
        assignment={"attempt_id": "attempt-1"},
        ^^^^^^^^^^^^^^^^^^^^^^^^^^^^^^^^^^^^^^^
        port=self.port(runtime_state=state, continuable=False))
        ^^^^^^^^^^^^^^^^^^^^^^^^^^^^^^^^^^^^^^^^^^^^^^^^^^^^^^^
  File "/home/sl/src/baton/v12/python/tests/tools/test_stage_execution.py", line 1240, in driven
    answer = stage_execution.Integration(held, taken).run(
        {"attempt_id": "attempt-1", "kind": "integration"},
        {"job_id": "job-1"})
  File "/home/sl/src/baton/v12/python/tools/stage_execution.py", line 2090, in run
    answered = self._run(stage, job)
  File "/home/sl/src/baton/v12/python/tools/stage_execution.py", line 2151, in _run
    published = _authority_read(
        "the producer's proposal",
        lambda: deployment.authority.proposal(operands["proposal_id"]))
  File "/home/sl/src/baton/v12/python/tools/stage_execution.py", line 847, in _authority_read
    return read()
  File "/home/sl/src/baton/v12/python/tools/stage_execution.py", line 2153, in <lambda>
    lambda: deployment.authority.proposal(operands["proposal_id"]))
            ^^^^^^^^^^^^^^^^^^^^^^^^^^^^^
AttributeError: 'object' object has no attribute 'proposal'

======================================================================
ERROR: test_a_started_or_uncertain_runtime_is_never_prepared_here (tests.tools.test_stage_execution.TheIntegrationStageConsumesTheAcceptedPort.test_a_started_or_uncertain_runtime_is_never_prepared_here) (runtime='uncertain')
The other side of that branch, which is why it IS a branch.
----------------------------------------------------------------------
Traceback (most recent call last):
  File "/home/sl/src/baton/v12/python/tests/tools/test_stage_execution.py", line 1382, in test_a_started_or_uncertain_runtime_is_never_prepared_here
    _, calls, admit, keep, _ = self.driven(
                               ~~~~~~~~~~~^
        delivery=object(),
        ^^^^^^^^^^^^^^^^^^
        assignment={"attempt_id": "attempt-1"},
        ^^^^^^^^^^^^^^^^^^^^^^^^^^^^^^^^^^^^^^^
        port=self.port(runtime_state=state, continuable=False))
        ^^^^^^^^^^^^^^^^^^^^^^^^^^^^^^^^^^^^^^^^^^^^^^^^^^^^^^^
  File "/home/sl/src/baton/v12/python/tests/tools/test_stage_execution.py", line 1240, in driven
    answer = stage_execution.Integration(held, taken).run(
        {"attempt_id": "attempt-1", "kind": "integration"},
        {"job_id": "job-1"})
  File "/home/sl/src/baton/v12/python/tools/stage_execution.py", line 2090, in run
    answered = self._run(stage, job)
  File "/home/sl/src/baton/v12/python/tools/stage_execution.py", line 2151, in _run
    published = _authority_read(
        "the producer's proposal",
        lambda: deployment.authority.proposal(operands["proposal_id"]))
  File "/home/sl/src/baton/v12/python/tools/stage_execution.py", line 847, in _authority_read
    return read()
  File "/home/sl/src/baton/v12/python/tools/stage_execution.py", line 2153, in <lambda>
    lambda: deployment.authority.proposal(operands["proposal_id"]))
            ^^^^^^^^^^^^^^^^^^^^^^^^^^^^^
AttributeError: 'object' object has no attribute 'proposal'

======================================================================
ERROR: test_the_first_tick_prepares_and_then_admits (tests.tools.test_stage_execution.TheIntegrationStageConsumesTheAcceptedPort.test_the_first_tick_prepares_and_then_admits)
----------------------------------------------------------------------
Traceback (most recent call last):
  File "/home/sl/src/baton/v12/python/tests/tools/test_stage_execution.py", line 1313, in test_the_first_tick_prepares_and_then_admits
    _, calls, admit, keep, seen = self.driven()
                                  ~~~~~~~~~~~^^
  File "/home/sl/src/baton/v12/python/tests/tools/test_stage_execution.py", line 1240, in driven
    answer = stage_execution.Integration(held, taken).run(
        {"attempt_id": "attempt-1", "kind": "integration"},
        {"job_id": "job-1"})
  File "/home/sl/src/baton/v12/python/tools/stage_execution.py", line 2090, in run
    answered = self._run(stage, job)
  File "/home/sl/src/baton/v12/python/tools/stage_execution.py", line 2151, in _run
    published = _authority_read(
        "the producer's proposal",
        lambda: deployment.authority.proposal(operands["proposal_id"]))
  File "/home/sl/src/baton/v12/python/tools/stage_execution.py", line 847, in _authority_read
    return read()
  File "/home/sl/src/baton/v12/python/tools/stage_execution.py", line 2153, in <lambda>
    lambda: deployment.authority.proposal(operands["proposal_id"]))
            ^^^^^^^^^^^^^^^^^^^^^^^^^^^^^
AttributeError: 'object' object has no attribute 'proposal'

======================================================================
ERROR: test_the_artifact_bytes_reopen_at_their_recorded_locator (tests.tools.test_stage_execution.TheRetainedResultReopensAfterOrdinaryCleanup.test_the_artifact_bytes_reopen_at_their_recorded_locator)
----------------------------------------------------------------------
Traceback (most recent call last):
  File "/home/sl/src/baton/v12/python/tests/tools/test_stage_execution.py", line 2935, in test_the_artifact_bytes_reopen_at_their_recorded_locator
    held = self.implemented()
  File "/home/sl/src/baton/v12/python/tests/tools/test_stage_execution.py", line 2780, in implemented
    self.turn(control, "implementation", attempt_id, roots,
    ~~~~~~~~~^^^^^^^^^^^^^^^^^^^^^^^^^^^^^^^^^^^^^^^^^^^^^^
              **operands), 0)
              ^^^^^^^^^^^
  File "/home/sl/src/baton/v12/python/tests/tools/test_stage_execution.py", line 2699, in turn
    delivered = launch.adopt(
        self.config["launch_home"], attempt_id=attempt_id,
    ...<2 lines>...
        transport=exchange.EXCHANGE_TRANSPORT,
        workspace_group=single_worker.configured_workspace_group(control))
  File "/home/sl/src/baton/v12/python/src/baton_v12/worker_manager/launch.py", line 738, in adopt
    _denied(f"attempt {name_value(attempt)}'s launch document is not the "
    ~~~~~~~^^^^^^^^^^^^^^^^^^^^^^^^^^^^^^^^^^^^^^^^^^^^^^^^^^^^^^^^^^^^^^^
            f"one this manager would have written for it; a document that "
            ^^^^^^^^^^^^^^^^^^^^^^^^^^^^^^^^^^^^^^^^^^^^^^^^^^^^^^^^^^^^^^^
            f"is merely well formed proves which KIND of thing it is and "
            ^^^^^^^^^^^^^^^^^^^^^^^^^^^^^^^^^^^^^^^^^^^^^^^^^^^^^^^^^^^^^^
            f"not which delivery")
            ^^^^^^^^^^^^^^^^^^^^^^
  File "/home/sl/src/baton/v12/python/src/baton_v12/worker_manager/launch.py", line 214, in _denied
    raise ContractRefusal("policy", "denied", message)
baton_v12.contracts.errors.ContractRefusal: attempt 'attempt-7b5e070a732d64a31d8830d12147471913947786b9a59376be1…'s launch document is not the one this manager would have written for it; a document that is merely well formed proves which KIND of thing it is and not which delivery

======================================================================
ERROR: test_the_cleanup_that_ran_was_the_ordinary_authorized_one (tests.tools.test_stage_execution.TheRetainedResultReopensAfterOrdinaryCleanup.test_the_cleanup_that_ran_was_the_ordinary_authorized_one)
`retained` is TERMINAL and is not `complete`, and neither is
----------------------------------------------------------------------
Traceback (most recent call last):
  File "/home/sl/src/baton/v12/python/tests/tools/test_stage_execution.py", line 2926, in test_the_cleanup_that_ran_was_the_ordinary_authorized_one
    held = self.implemented()
  File "/home/sl/src/baton/v12/python/tests/tools/test_stage_execution.py", line 2780, in implemented
    self.turn(control, "implementation", attempt_id, roots,
    ~~~~~~~~~^^^^^^^^^^^^^^^^^^^^^^^^^^^^^^^^^^^^^^^^^^^^^^
              **operands), 0)
              ^^^^^^^^^^^
  File "/home/sl/src/baton/v12/python/tests/tools/test_stage_execution.py", line 2699, in turn
    delivered = launch.adopt(
        self.config["launch_home"], attempt_id=attempt_id,
    ...<2 lines>...
        transport=exchange.EXCHANGE_TRANSPORT,
        workspace_group=single_worker.configured_workspace_group(control))
  File "/home/sl/src/baton/v12/python/src/baton_v12/worker_manager/launch.py", line 738, in adopt
    _denied(f"attempt {name_value(attempt)}'s launch document is not the "
    ~~~~~~~^^^^^^^^^^^^^^^^^^^^^^^^^^^^^^^^^^^^^^^^^^^^^^^^^^^^^^^^^^^^^^^
            f"one this manager would have written for it; a document that "
            ^^^^^^^^^^^^^^^^^^^^^^^^^^^^^^^^^^^^^^^^^^^^^^^^^^^^^^^^^^^^^^^
            f"is merely well formed proves which KIND of thing it is and "
            ^^^^^^^^^^^^^^^^^^^^^^^^^^^^^^^^^^^^^^^^^^^^^^^^^^^^^^^^^^^^^^
            f"not which delivery")
            ^^^^^^^^^^^^^^^^^^^^^^
  File "/home/sl/src/baton/v12/python/src/baton_v12/worker_manager/launch.py", line 214, in _denied
    raise ContractRefusal("policy", "denied", message)
baton_v12.contracts.errors.ContractRefusal: attempt 'attempt-7b5e070a732d64a31d8830d12147471913947786b9a59376be1…'s launch document is not the one this manager would have written for it; a document that is merely well formed proves which KIND of thing it is and not which delivery

======================================================================
ERROR: test_the_persistent_line_and_its_pin_survive_that_cleanup (tests.tools.test_stage_execution.TheRetainedResultReopensAfterOrdinaryCleanup.test_the_persistent_line_and_its_pin_survive_that_cleanup)
Ordinary attempt cleanup neither deletes the line nor moves its pin.
----------------------------------------------------------------------
Traceback (most recent call last):
  File "/home/sl/src/baton/v12/python/tests/tools/test_stage_execution.py", line 2986, in test_the_persistent_line_and_its_pin_survive_that_cleanup
    held = self.implemented()
  File "/home/sl/src/baton/v12/python/tests/tools/test_stage_execution.py", line 2780, in implemented
    self.turn(control, "implementation", attempt_id, roots,
    ~~~~~~~~~^^^^^^^^^^^^^^^^^^^^^^^^^^^^^^^^^^^^^^^^^^^^^^
              **operands), 0)
              ^^^^^^^^^^^
  File "/home/sl/src/baton/v12/python/tests/tools/test_stage_execution.py", line 2699, in turn
    delivered = launch.adopt(
        self.config["launch_home"], attempt_id=attempt_id,
    ...<2 lines>...
        transport=exchange.EXCHANGE_TRANSPORT,
        workspace_group=single_worker.configured_workspace_group(control))
  File "/home/sl/src/baton/v12/python/src/baton_v12/worker_manager/launch.py", line 738, in adopt
    _denied(f"attempt {name_value(attempt)}'s launch document is not the "
    ~~~~~~~^^^^^^^^^^^^^^^^^^^^^^^^^^^^^^^^^^^^^^^^^^^^^^^^^^^^^^^^^^^^^^^
            f"one this manager would have written for it; a document that "
            ^^^^^^^^^^^^^^^^^^^^^^^^^^^^^^^^^^^^^^^^^^^^^^^^^^^^^^^^^^^^^^^
            f"is merely well formed proves which KIND of thing it is and "
            ^^^^^^^^^^^^^^^^^^^^^^^^^^^^^^^^^^^^^^^^^^^^^^^^^^^^^^^^^^^^^^
            f"not which delivery")
            ^^^^^^^^^^^^^^^^^^^^^^
  File "/home/sl/src/baton/v12/python/src/baton_v12/worker_manager/launch.py", line 214, in _denied
    raise ContractRefusal("policy", "denied", message)
baton_v12.contracts.errors.ContractRefusal: attempt 'attempt-7b5e070a732d64a31d8830d12147471913947786b9a59376be1…'s launch document is not the one this manager would have written for it; a document that is merely well formed proves which KIND of thing it is and not which delivery

======================================================================
ERROR: test_the_retained_manifest_reopens_and_names_those_same_bytes (tests.tools.test_stage_execution.TheRetainedResultReopensAfterOrdinaryCleanup.test_the_retained_manifest_reopens_and_names_those_same_bytes)
----------------------------------------------------------------------
Traceback (most recent call last):
  File "/home/sl/src/baton/v12/python/tests/tools/test_stage_execution.py", line 2944, in test_the_retained_manifest_reopens_and_names_those_same_bytes
    held = self.implemented()
  File "/home/sl/src/baton/v12/python/tests/tools/test_stage_execution.py", line 2780, in implemented
    self.turn(control, "implementation", attempt_id, roots,
    ~~~~~~~~~^^^^^^^^^^^^^^^^^^^^^^^^^^^^^^^^^^^^^^^^^^^^^^
              **operands), 0)
              ^^^^^^^^^^^
  File "/home/sl/src/baton/v12/python/tests/tools/test_stage_execution.py", line 2699, in turn
    delivered = launch.adopt(
        self.config["launch_home"], attempt_id=attempt_id,
    ...<2 lines>...
        transport=exchange.EXCHANGE_TRANSPORT,
        workspace_group=single_worker.configured_workspace_group(control))
  File "/home/sl/src/baton/v12/python/src/baton_v12/worker_manager/launch.py", line 738, in adopt
    _denied(f"attempt {name_value(attempt)}'s launch document is not the "
    ~~~~~~~^^^^^^^^^^^^^^^^^^^^^^^^^^^^^^^^^^^^^^^^^^^^^^^^^^^^^^^^^^^^^^^
            f"one this manager would have written for it; a document that "
            ^^^^^^^^^^^^^^^^^^^^^^^^^^^^^^^^^^^^^^^^^^^^^^^^^^^^^^^^^^^^^^^
            f"is merely well formed proves which KIND of thing it is and "
            ^^^^^^^^^^^^^^^^^^^^^^^^^^^^^^^^^^^^^^^^^^^^^^^^^^^^^^^^^^^^^^
            f"not which delivery")
            ^^^^^^^^^^^^^^^^^^^^^^
  File "/home/sl/src/baton/v12/python/src/baton_v12/worker_manager/launch.py", line 214, in _denied
    raise ContractRefusal("policy", "denied", message)
baton_v12.contracts.errors.ContractRefusal: attempt 'attempt-7b5e070a732d64a31d8830d12147471913947786b9a59376be1…'s launch document is not the one this manager would have written for it; a document that is merely well formed proves which KIND of thing it is and not which delivery

======================================================================
ERROR: test_the_retained_sibling_was_never_a_writable_worker_mount (tests.tools.test_stage_execution.TheRetainedResultReopensAfterOrdinaryCleanup.test_the_retained_sibling_was_never_a_writable_worker_mount)
The custody tree is beside the line, not inside it.
----------------------------------------------------------------------
Traceback (most recent call last):
  File "/home/sl/src/baton/v12/python/tests/tools/test_stage_execution.py", line 2965, in test_the_retained_sibling_was_never_a_writable_worker_mount
    held = self.implemented()
  File "/home/sl/src/baton/v12/python/tests/tools/test_stage_execution.py", line 2780, in implemented
    self.turn(control, "implementation", attempt_id, roots,
    ~~~~~~~~~^^^^^^^^^^^^^^^^^^^^^^^^^^^^^^^^^^^^^^^^^^^^^^
              **operands), 0)
              ^^^^^^^^^^^
  File "/home/sl/src/baton/v12/python/tests/tools/test_stage_execution.py", line 2699, in turn
    delivered = launch.adopt(
        self.config["launch_home"], attempt_id=attempt_id,
    ...<2 lines>...
        transport=exchange.EXCHANGE_TRANSPORT,
        workspace_group=single_worker.configured_workspace_group(control))
  File "/home/sl/src/baton/v12/python/src/baton_v12/worker_manager/launch.py", line 738, in adopt
    _denied(f"attempt {name_value(attempt)}'s launch document is not the "
    ~~~~~~~^^^^^^^^^^^^^^^^^^^^^^^^^^^^^^^^^^^^^^^^^^^^^^^^^^^^^^^^^^^^^^^
            f"one this manager would have written for it; a document that "
            ^^^^^^^^^^^^^^^^^^^^^^^^^^^^^^^^^^^^^^^^^^^^^^^^^^^^^^^^^^^^^^^
            f"is merely well formed proves which KIND of thing it is and "
            ^^^^^^^^^^^^^^^^^^^^^^^^^^^^^^^^^^^^^^^^^^^^^^^^^^^^^^^^^^^^^^
            f"not which delivery")
            ^^^^^^^^^^^^^^^^^^^^^^
  File "/home/sl/src/baton/v12/python/src/baton_v12/worker_manager/launch.py", line 214, in _denied
    raise ContractRefusal("policy", "denied", message)
baton_v12.contracts.errors.ContractRefusal: attempt 'attempt-7b5e070a732d64a31d8830d12147471913947786b9a59376be1…'s launch document is not the one this manager would have written for it; a document that is merely well formed proves which KIND of thing it is and not which delivery

======================================================================
ERROR: test_an_integration_without_a_runtime_port_refuses_as_that (tests.tools.test_stage_execution.TheServingPathReachesTheAcceptedDrivers.test_an_integration_without_a_runtime_port_refuses_as_that)
The one capability this build does not have, reported rather than
----------------------------------------------------------------------
Traceback (most recent call last):
  File "/home/sl/src/baton/v12/python/tests/tools/test_stage_execution.py", line 1760, in test_an_integration_without_a_runtime_port_refuses_as_that
    composed.launch({"kind": "integration", "attempt_id": "attempt-i"},
    ~~~~~~~~~~~~~~~^^^^^^^^^^^^^^^^^^^^^^^^^^^^^^^^^^^^^^^^^^^^^^^^^^^^
                    {})
                    ^^^
  File "/home/sl/src/baton/v12/python/tools/stage_execution.py", line 3679, in launch
    return self.integrator.run(stage, job)
           ~~~~~~~~~~~~~~~~~~~^^^^^^^^^^^^
  File "/home/sl/src/baton/v12/python/tools/stage_execution.py", line 2090, in run
    answered = self._run(stage, job)
  File "/home/sl/src/baton/v12/python/tools/stage_execution.py", line 2115, in _run
    line = (deployment.line() if job_id is None
            ~~~~~~~~~~~~~~~^^
  File "/home/sl/src/baton/v12/python/tools/stage_execution.py", line 3070, in line
    return self.line_for(held[0]["job_id"])
           ~~~~~~~~~~~~~^^^^^^^^^^^^^^^^^^^
  File "/home/sl/src/baton/v12/python/tools/stage_execution.py", line 2979, in line_for
    created = review_cycles.create_line(
        self.control, source=self.source_for(job_id),
        declared_base=binding["line_declared_base"],
        profile=self.profile, authority_uuid=self.given["authority_uuid"],
        work_id=binding["job_work_id"])
  File "/home/sl/src/baton/v12/python/src/baton_v12/worker_manager/review_cycles.py", line 991, in create_line
    materialized = profile.materialize(source.place, path, declared_base)
  File "/home/sl/src/baton/v12/python/src/baton_v12/checkpoint_profiles.py", line 257, in materialize
    self._run(clone_vector(source, repository), "line materialization")
    ~~~~~~~~~^^^^^^^^^^^^^^^^^^^^^^^^^^^^^^^^^^^^^^^^^^^^^^^^^^^^^^^^^^
  File "/home/sl/src/baton/v12/python/src/baton_v12/checkpoint_profiles.py", line 238, in _run
    raise ProfileRefusal(f"Git {what} failed" +
                         (f": {detail}" if detail else ""))
baton_v12.source_profiles.checkout.ProfileRefusal: Git line materialization failed: fatal: repository '/home/sl/src/baton/v12/python/v12-w71917-8jape_ul/source' does not exist

======================================================================
ERROR: test_no_claim_receipt_and_no_review_runtime_follow_it (tests.tools.test_stage_execution.TheWrongRouteClaimDefersInsteadOfStoppingTheSweep.test_no_claim_receipt_and_no_review_runtime_follow_it)
A contained refusal is not a quiet success.
----------------------------------------------------------------------
Traceback (most recent call last):
  File "/home/sl/src/baton/v12/python/tests/tools/test_stage_execution.py", line 4859, in test_no_claim_receipt_and_no_review_runtime_follow_it
    held = self.wrong_route()
  File "/home/sl/src/baton/v12/python/tests/tools/test_stage_execution.py", line 4832, in wrong_route
    return self.implemented()
           ~~~~~~~~~~~~~~~~^^
  File "/home/sl/src/baton/v12/python/tests/tools/test_stage_execution.py", line 2780, in implemented
    self.turn(control, "implementation", attempt_id, roots,
    ~~~~~~~~~^^^^^^^^^^^^^^^^^^^^^^^^^^^^^^^^^^^^^^^^^^^^^^
              **operands), 0)
              ^^^^^^^^^^^
  File "/home/sl/src/baton/v12/python/tests/tools/test_stage_execution.py", line 2699, in turn
    delivered = launch.adopt(
        self.config["launch_home"], attempt_id=attempt_id,
    ...<2 lines>...
        transport=exchange.EXCHANGE_TRANSPORT,
        workspace_group=single_worker.configured_workspace_group(control))
  File "/home/sl/src/baton/v12/python/src/baton_v12/worker_manager/launch.py", line 738, in adopt
    _denied(f"attempt {name_value(attempt)}'s launch document is not the "
    ~~~~~~~^^^^^^^^^^^^^^^^^^^^^^^^^^^^^^^^^^^^^^^^^^^^^^^^^^^^^^^^^^^^^^^
            f"one this manager would have written for it; a document that "
            ^^^^^^^^^^^^^^^^^^^^^^^^^^^^^^^^^^^^^^^^^^^^^^^^^^^^^^^^^^^^^^^
            f"is merely well formed proves which KIND of thing it is and "
            ^^^^^^^^^^^^^^^^^^^^^^^^^^^^^^^^^^^^^^^^^^^^^^^^^^^^^^^^^^^^^^
            f"not which delivery")
            ^^^^^^^^^^^^^^^^^^^^^^
  File "/home/sl/src/baton/v12/python/src/baton_v12/worker_manager/launch.py", line 214, in _denied
    raise ContractRefusal("policy", "denied", message)
baton_v12.contracts.errors.ContractRefusal: attempt 'attempt-7b5e070a732d64a31d8830d12147471913947786b9a59376be1…'s launch document is not the one this manager would have written for it; a document that is merely well formed proves which KIND of thing it is and not which delivery

======================================================================
ERROR: test_the_wrong_route_claim_defers_and_the_sweep_finishes (tests.tools.test_stage_execution.TheWrongRouteClaimDefersInsteadOfStoppingTheSweep.test_the_wrong_route_claim_defers_and_the_sweep_finishes)
----------------------------------------------------------------------
Traceback (most recent call last):
  File "/home/sl/src/baton/v12/python/tests/tools/test_stage_execution.py", line 4838, in test_the_wrong_route_claim_defers_and_the_sweep_finishes
    held = self.wrong_route()
  File "/home/sl/src/baton/v12/python/tests/tools/test_stage_execution.py", line 4832, in wrong_route
    return self.implemented()
           ~~~~~~~~~~~~~~~~^^
  File "/home/sl/src/baton/v12/python/tests/tools/test_stage_execution.py", line 2780, in implemented
    self.turn(control, "implementation", attempt_id, roots,
    ~~~~~~~~~^^^^^^^^^^^^^^^^^^^^^^^^^^^^^^^^^^^^^^^^^^^^^^
              **operands), 0)
              ^^^^^^^^^^^
  File "/home/sl/src/baton/v12/python/tests/tools/test_stage_execution.py", line 2699, in turn
    delivered = launch.adopt(
        self.config["launch_home"], attempt_id=attempt_id,
    ...<2 lines>...
        transport=exchange.EXCHANGE_TRANSPORT,
        workspace_group=single_worker.configured_workspace_group(control))
  File "/home/sl/src/baton/v12/python/src/baton_v12/worker_manager/launch.py", line 738, in adopt
    _denied(f"attempt {name_value(attempt)}'s launch document is not the "
    ~~~~~~~^^^^^^^^^^^^^^^^^^^^^^^^^^^^^^^^^^^^^^^^^^^^^^^^^^^^^^^^^^^^^^^
            f"one this manager would have written for it; a document that "
            ^^^^^^^^^^^^^^^^^^^^^^^^^^^^^^^^^^^^^^^^^^^^^^^^^^^^^^^^^^^^^^^
            f"is merely well formed proves which KIND of thing it is and "
            ^^^^^^^^^^^^^^^^^^^^^^^^^^^^^^^^^^^^^^^^^^^^^^^^^^^^^^^^^^^^^^
            f"not which delivery")
            ^^^^^^^^^^^^^^^^^^^^^^
  File "/home/sl/src/baton/v12/python/src/baton_v12/worker_manager/launch.py", line 214, in _denied
    raise ContractRefusal("policy", "denied", message)
baton_v12.contracts.errors.ContractRefusal: attempt 'attempt-7b5e070a732d64a31d8830d12147471913947786b9a59376be1…'s launch document is not the one this manager would have written for it; a document that is merely well formed proves which KIND of thing it is and not which delivery

======================================================================
ERROR: test_BOTH_JOBS_REACH_TERMINAL_ON_ONE_TARGET (tests.tools.test_stage_execution.TwoBoundJobsTraverseServingAndCorrection.test_BOTH_JOBS_REACH_TERMINAL_ON_ONE_TARGET)
W131409'S WHOLE POINT, driven through the ordinary configured tick.
----------------------------------------------------------------------
Traceback (most recent call last):
  File "/home/sl/src/baton/v12/python/tests/tools/test_stage_execution.py", line 8452, in test_BOTH_JOBS_REACH_TERMINAL_ON_ONE_TARGET
    held = self.integrating(before=capture)
  File "/home/sl/src/baton/v12/python/tests/tools/test_stage_execution.py", line 8784, in integrating
    held = self.both_accepted(**members)
  File "/home/sl/src/baton/v12/python/tests/tools/test_stage_execution.py", line 7998, in both_accepted
    held.first_review = self.accepted(
                        ~~~~~~~~~~~~~^
        held, "job-a", "implementation-worker", "review-worker",
        ^^^^^^^^^^^^^^^^^^^^^^^^^^^^^^^^^^^^^^^^^^^^^^^^^^^^^^^^
        held.first, "print('the first job answered')\n")
        ^^^^^^^^^^^^^^^^^^^^^^^^^^^^^^^^^^^^^^^^^^^^^^^^
  File "/home/sl/src/baton/v12/python/tests/tools/test_stage_execution.py", line 6924, in accepted
    self.produced(held, job_id, attempt_id, body, edits=edits)
    ~~~~~~~~~~~~~^^^^^^^^^^^^^^^^^^^^^^^^^^^^^^^^^^^^^^^^^^^^^
  File "/home/sl/src/baton/v12/python/tests/tools/test_stage_execution.py", line 6905, in produced
    self.turn(held.control, "implementation", attempt_id,
    ~~~~~~~~~^^^^^^^^^^^^^^^^^^^^^^^^^^^^^^^^^^^^^^^^^^^^
              self.mounted_at(held.composed, attempt_id),
              ^^^^^^^^^^^^^^^^^^^^^^^^^^^^^^^^^^^^^^^^^^^
              edits=edits or {"harness.py": body}), 0)
              ^^^^^^^^^^^^^^^^^^^^^^^^^^^^^^^^^^^^
  File "/home/sl/src/baton/v12/python/tests/tools/test_stage_execution.py", line 2699, in turn
    delivered = launch.adopt(
        self.config["launch_home"], attempt_id=attempt_id,
    ...<2 lines>...
        transport=exchange.EXCHANGE_TRANSPORT,
        workspace_group=single_worker.configured_workspace_group(control))
  File "/home/sl/src/baton/v12/python/src/baton_v12/worker_manager/launch.py", line 738, in adopt
    _denied(f"attempt {name_value(attempt)}'s launch document is not the "
    ~~~~~~~^^^^^^^^^^^^^^^^^^^^^^^^^^^^^^^^^^^^^^^^^^^^^^^^^^^^^^^^^^^^^^^
            f"one this manager would have written for it; a document that "
            ^^^^^^^^^^^^^^^^^^^^^^^^^^^^^^^^^^^^^^^^^^^^^^^^^^^^^^^^^^^^^^^
            f"is merely well formed proves which KIND of thing it is and "
            ^^^^^^^^^^^^^^^^^^^^^^^^^^^^^^^^^^^^^^^^^^^^^^^^^^^^^^^^^^^^^^
            f"not which delivery")
            ^^^^^^^^^^^^^^^^^^^^^^
  File "/home/sl/src/baton/v12/python/src/baton_v12/worker_manager/launch.py", line 214, in _denied
    raise ContractRefusal("policy", "denied", message)
baton_v12.contracts.errors.ContractRefusal: attempt 'attempt-7b5e070a732d64a31d8830d12147471913947786b9a59376be1…'s launch document is not the one this manager would have written for it; a document that is merely well formed proves which KIND of thing it is and not which delivery

======================================================================
ERROR: test_THE_CONFIGURED_DEPLOYMENT_CONSTRUCTS_ITS_OWN_INTEGRATION_PORT (tests.tools.test_stage_execution.TwoBoundJobsTraverseServingAndCorrection.test_THE_CONFIGURED_DEPLOYMENT_CONSTRUCTS_ITS_OWN_INTEGRATION_PORT)
W103068's P1: the production composition supplies its own port.
----------------------------------------------------------------------
Traceback (most recent call last):
  File "/home/sl/src/baton/v12/python/tests/tools/test_stage_execution.py", line 7570, in test_THE_CONFIGURED_DEPLOYMENT_CONSTRUCTS_ITS_OWN_INTEGRATION_PORT
    held.first_review = self.accepted(
                        ~~~~~~~~~~~~~^
        held, "job-a", "implementation-worker", "review-worker",
        ^^^^^^^^^^^^^^^^^^^^^^^^^^^^^^^^^^^^^^^^^^^^^^^^^^^^^^^^
        held.first, "print('the first job answered')\n")
        ^^^^^^^^^^^^^^^^^^^^^^^^^^^^^^^^^^^^^^^^^^^^^^^^
  File "/home/sl/src/baton/v12/python/tests/tools/test_stage_execution.py", line 6924, in accepted
    self.produced(held, job_id, attempt_id, body, edits=edits)
    ~~~~~~~~~~~~~^^^^^^^^^^^^^^^^^^^^^^^^^^^^^^^^^^^^^^^^^^^^^
  File "/home/sl/src/baton/v12/python/tests/tools/test_stage_execution.py", line 6905, in produced
    self.turn(held.control, "implementation", attempt_id,
    ~~~~~~~~~^^^^^^^^^^^^^^^^^^^^^^^^^^^^^^^^^^^^^^^^^^^^
              self.mounted_at(held.composed, attempt_id),
              ^^^^^^^^^^^^^^^^^^^^^^^^^^^^^^^^^^^^^^^^^^^
              edits=edits or {"harness.py": body}), 0)
              ^^^^^^^^^^^^^^^^^^^^^^^^^^^^^^^^^^^^
  File "/home/sl/src/baton/v12/python/tests/tools/test_stage_execution.py", line 2699, in turn
    delivered = launch.adopt(
        self.config["launch_home"], attempt_id=attempt_id,
    ...<2 lines>...
        transport=exchange.EXCHANGE_TRANSPORT,
        workspace_group=single_worker.configured_workspace_group(control))
  File "/home/sl/src/baton/v12/python/src/baton_v12/worker_manager/launch.py", line 738, in adopt
    _denied(f"attempt {name_value(attempt)}'s launch document is not the "
    ~~~~~~~^^^^^^^^^^^^^^^^^^^^^^^^^^^^^^^^^^^^^^^^^^^^^^^^^^^^^^^^^^^^^^^
            f"one this manager would have written for it; a document that "
            ^^^^^^^^^^^^^^^^^^^^^^^^^^^^^^^^^^^^^^^^^^^^^^^^^^^^^^^^^^^^^^^
            f"is merely well formed proves which KIND of thing it is and "
            ^^^^^^^^^^^^^^^^^^^^^^^^^^^^^^^^^^^^^^^^^^^^^^^^^^^^^^^^^^^^^^
            f"not which delivery")
            ^^^^^^^^^^^^^^^^^^^^^^
  File "/home/sl/src/baton/v12/python/src/baton_v12/worker_manager/launch.py", line 214, in _denied
    raise ContractRefusal("policy", "denied", message)
baton_v12.contracts.errors.ContractRefusal: attempt 'attempt-7b5e070a732d64a31d8830d12147471913947786b9a59376be1…'s launch document is not the one this manager would have written for it; a document that is merely well formed proves which KIND of thing it is and not which delivery

======================================================================
ERROR: test_a_completed_integration_returns_the_integrator_to_the_next_job (tests.tools.test_stage_execution.TwoBoundJobsTraverseServingAndCorrection.test_a_completed_integration_returns_the_integrator_to_the_next_job)
W131187, driven end to end: the capacity comes back.
----------------------------------------------------------------------
Traceback (most recent call last):
  File "/home/sl/src/baton/v12/python/tests/tools/test_stage_execution.py", line 8254, in test_a_completed_integration_returns_the_integrator_to_the_next_job
    held = self.integrating()
  File "/home/sl/src/baton/v12/python/tests/tools/test_stage_execution.py", line 8784, in integrating
    held = self.both_accepted(**members)
  File "/home/sl/src/baton/v12/python/tests/tools/test_stage_execution.py", line 7998, in both_accepted
    held.first_review = self.accepted(
                        ~~~~~~~~~~~~~^
        held, "job-a", "implementation-worker", "review-worker",
        ^^^^^^^^^^^^^^^^^^^^^^^^^^^^^^^^^^^^^^^^^^^^^^^^^^^^^^^^
        held.first, "print('the first job answered')\n")
        ^^^^^^^^^^^^^^^^^^^^^^^^^^^^^^^^^^^^^^^^^^^^^^^^
  File "/home/sl/src/baton/v12/python/tests/tools/test_stage_execution.py", line 6924, in accepted
    self.produced(held, job_id, attempt_id, body, edits=edits)
    ~~~~~~~~~~~~~^^^^^^^^^^^^^^^^^^^^^^^^^^^^^^^^^^^^^^^^^^^^^
  File "/home/sl/src/baton/v12/python/tests/tools/test_stage_execution.py", line 6905, in produced
    self.turn(held.control, "implementation", attempt_id,
    ~~~~~~~~~^^^^^^^^^^^^^^^^^^^^^^^^^^^^^^^^^^^^^^^^^^^^
              self.mounted_at(held.composed, attempt_id),
              ^^^^^^^^^^^^^^^^^^^^^^^^^^^^^^^^^^^^^^^^^^^
              edits=edits or {"harness.py": body}), 0)
              ^^^^^^^^^^^^^^^^^^^^^^^^^^^^^^^^^^^^
  File "/home/sl/src/baton/v12/python/tests/tools/test_stage_execution.py", line 2699, in turn
    delivered = launch.adopt(
        self.config["launch_home"], attempt_id=attempt_id,
    ...<2 lines>...
        transport=exchange.EXCHANGE_TRANSPORT,
        workspace_group=single_worker.configured_workspace_group(control))
  File "/home/sl/src/baton/v12/python/src/baton_v12/worker_manager/launch.py", line 738, in adopt
    _denied(f"attempt {name_value(attempt)}'s launch document is not the "
    ~~~~~~~^^^^^^^^^^^^^^^^^^^^^^^^^^^^^^^^^^^^^^^^^^^^^^^^^^^^^^^^^^^^^^^
            f"one this manager would have written for it; a document that "
            ^^^^^^^^^^^^^^^^^^^^^^^^^^^^^^^^^^^^^^^^^^^^^^^^^^^^^^^^^^^^^^^
            f"is merely well formed proves which KIND of thing it is and "
            ^^^^^^^^^^^^^^^^^^^^^^^^^^^^^^^^^^^^^^^^^^^^^^^^^^^^^^^^^^^^^^
            f"not which delivery")
            ^^^^^^^^^^^^^^^^^^^^^^
  File "/home/sl/src/baton/v12/python/src/baton_v12/worker_manager/launch.py", line 214, in _denied
    raise ContractRefusal("policy", "denied", message)
baton_v12.contracts.errors.ContractRefusal: attempt 'attempt-7b5e070a732d64a31d8830d12147471913947786b9a59376be1…'s launch document is not the one this manager would have written for it; a document that is merely well formed proves which KIND of thing it is and not which delivery

======================================================================
ERROR: test_a_correction_reopens_only_its_own_jobs_line (tests.tools.test_stage_execution.TwoBoundJobsTraverseServingAndCorrection.test_a_correction_reopens_only_its_own_jobs_line)
A CHANGES-REQUESTED VERDICT IS A JOB'S OWN FACT.
----------------------------------------------------------------------
Traceback (most recent call last):
  File "/home/sl/src/baton/v12/python/tests/tools/test_stage_execution.py", line 7928, in test_a_correction_reopens_only_its_own_jobs_line
    self.produced(held, "job-a", held.first,
    ~~~~~~~~~~~~~^^^^^^^^^^^^^^^^^^^^^^^^^^^
                  "print('the first job answered')\n")
                  ^^^^^^^^^^^^^^^^^^^^^^^^^^^^^^^^^^^^
  File "/home/sl/src/baton/v12/python/tests/tools/test_stage_execution.py", line 6905, in produced
    self.turn(held.control, "implementation", attempt_id,
    ~~~~~~~~~^^^^^^^^^^^^^^^^^^^^^^^^^^^^^^^^^^^^^^^^^^^^
              self.mounted_at(held.composed, attempt_id),
              ^^^^^^^^^^^^^^^^^^^^^^^^^^^^^^^^^^^^^^^^^^^
              edits=edits or {"harness.py": body}), 0)
              ^^^^^^^^^^^^^^^^^^^^^^^^^^^^^^^^^^^^
  File "/home/sl/src/baton/v12/python/tests/tools/test_stage_execution.py", line 2699, in turn
    delivered = launch.adopt(
        self.config["launch_home"], attempt_id=attempt_id,
    ...<2 lines>...
        transport=exchange.EXCHANGE_TRANSPORT,
        workspace_group=single_worker.configured_workspace_group(control))
  File "/home/sl/src/baton/v12/python/src/baton_v12/worker_manager/launch.py", line 738, in adopt
    _denied(f"attempt {name_value(attempt)}'s launch document is not the "
    ~~~~~~~^^^^^^^^^^^^^^^^^^^^^^^^^^^^^^^^^^^^^^^^^^^^^^^^^^^^^^^^^^^^^^^
            f"one this manager would have written for it; a document that "
            ^^^^^^^^^^^^^^^^^^^^^^^^^^^^^^^^^^^^^^^^^^^^^^^^^^^^^^^^^^^^^^^
            f"is merely well formed proves which KIND of thing it is and "
            ^^^^^^^^^^^^^^^^^^^^^^^^^^^^^^^^^^^^^^^^^^^^^^^^^^^^^^^^^^^^^^
            f"not which delivery")
            ^^^^^^^^^^^^^^^^^^^^^^
  File "/home/sl/src/baton/v12/python/src/baton_v12/worker_manager/launch.py", line 214, in _denied
    raise ContractRefusal("policy", "denied", message)
baton_v12.contracts.errors.ContractRefusal: attempt 'attempt-7b5e070a732d64a31d8830d12147471913947786b9a59376be1…'s launch document is not the one this manager would have written for it; a document that is merely well formed proves which KIND of thing it is and not which delivery

======================================================================
ERROR: test_a_deployment_that_configures_no_instructions_is_refused (tests.tools.test_stage_execution.TwoBoundJobsTraverseServingAndCorrection.test_a_deployment_that_configures_no_instructions_is_refused)
And an unconfigured one says which member is missing rather than
----------------------------------------------------------------------
Traceback (most recent call last):
  File "/home/sl/src/baton/v12/python/tests/tools/test_stage_execution.py", line 7703, in test_a_deployment_that_configures_no_instructions_is_refused
    held = self.both_accepted()
  File "/home/sl/src/baton/v12/python/tests/tools/test_stage_execution.py", line 7998, in both_accepted
    held.first_review = self.accepted(
                        ~~~~~~~~~~~~~^
        held, "job-a", "implementation-worker", "review-worker",
        ^^^^^^^^^^^^^^^^^^^^^^^^^^^^^^^^^^^^^^^^^^^^^^^^^^^^^^^^
        held.first, "print('the first job answered')\n")
        ^^^^^^^^^^^^^^^^^^^^^^^^^^^^^^^^^^^^^^^^^^^^^^^^
  File "/home/sl/src/baton/v12/python/tests/tools/test_stage_execution.py", line 6924, in accepted
    self.produced(held, job_id, attempt_id, body, edits=edits)
    ~~~~~~~~~~~~~^^^^^^^^^^^^^^^^^^^^^^^^^^^^^^^^^^^^^^^^^^^^^
  File "/home/sl/src/baton/v12/python/tests/tools/test_stage_execution.py", line 6905, in produced
    self.turn(held.control, "implementation", attempt_id,
    ~~~~~~~~~^^^^^^^^^^^^^^^^^^^^^^^^^^^^^^^^^^^^^^^^^^^^
              self.mounted_at(held.composed, attempt_id),
              ^^^^^^^^^^^^^^^^^^^^^^^^^^^^^^^^^^^^^^^^^^^
              edits=edits or {"harness.py": body}), 0)
              ^^^^^^^^^^^^^^^^^^^^^^^^^^^^^^^^^^^^
  File "/home/sl/src/baton/v12/python/tests/tools/test_stage_execution.py", line 2699, in turn
    delivered = launch.adopt(
        self.config["launch_home"], attempt_id=attempt_id,
    ...<2 lines>...
        transport=exchange.EXCHANGE_TRANSPORT,
        workspace_group=single_worker.configured_workspace_group(control))
  File "/home/sl/src/baton/v12/python/src/baton_v12/worker_manager/launch.py", line 738, in adopt
    _denied(f"attempt {name_value(attempt)}'s launch document is not the "
    ~~~~~~~^^^^^^^^^^^^^^^^^^^^^^^^^^^^^^^^^^^^^^^^^^^^^^^^^^^^^^^^^^^^^^^
            f"one this manager would have written for it; a document that "
            ^^^^^^^^^^^^^^^^^^^^^^^^^^^^^^^^^^^^^^^^^^^^^^^^^^^^^^^^^^^^^^^
            f"is merely well formed proves which KIND of thing it is and "
            ^^^^^^^^^^^^^^^^^^^^^^^^^^^^^^^^^^^^^^^^^^^^^^^^^^^^^^^^^^^^^^
            f"not which delivery")
            ^^^^^^^^^^^^^^^^^^^^^^
  File "/home/sl/src/baton/v12/python/src/baton_v12/worker_manager/launch.py", line 214, in _denied
    raise ContractRefusal("policy", "denied", message)
baton_v12.contracts.errors.ContractRefusal: attempt 'attempt-7b5e070a732d64a31d8830d12147471913947786b9a59376be1…'s launch document is not the one this manager would have written for it; a document that is merely well formed proves which KIND of thing it is and not which delivery

======================================================================
ERROR: test_a_job_with_no_configured_consumer_selects_none (tests.tools.test_stage_execution.TwoBoundJobsTraverseServingAndCorrection.test_a_job_with_no_configured_consumer_selects_none)
A Job whose derived branch has no consumer has no way to obtain
----------------------------------------------------------------------
Traceback (most recent call last):
  File "/home/sl/src/baton/v12/python/tests/tools/test_stage_execution.py", line 7426, in test_a_job_with_no_configured_consumer_selects_none
    held = self.both_accepted()
  File "/home/sl/src/baton/v12/python/tests/tools/test_stage_execution.py", line 7998, in both_accepted
    held.first_review = self.accepted(
                        ~~~~~~~~~~~~~^
        held, "job-a", "implementation-worker", "review-worker",
        ^^^^^^^^^^^^^^^^^^^^^^^^^^^^^^^^^^^^^^^^^^^^^^^^^^^^^^^^
        held.first, "print('the first job answered')\n")
        ^^^^^^^^^^^^^^^^^^^^^^^^^^^^^^^^^^^^^^^^^^^^^^^^
  File "/home/sl/src/baton/v12/python/tests/tools/test_stage_execution.py", line 6924, in accepted
    self.produced(held, job_id, attempt_id, body, edits=edits)
    ~~~~~~~~~~~~~^^^^^^^^^^^^^^^^^^^^^^^^^^^^^^^^^^^^^^^^^^^^^
  File "/home/sl/src/baton/v12/python/tests/tools/test_stage_execution.py", line 6905, in produced
    self.turn(held.control, "implementation", attempt_id,
    ~~~~~~~~~^^^^^^^^^^^^^^^^^^^^^^^^^^^^^^^^^^^^^^^^^^^^
              self.mounted_at(held.composed, attempt_id),
              ^^^^^^^^^^^^^^^^^^^^^^^^^^^^^^^^^^^^^^^^^^^
              edits=edits or {"harness.py": body}), 0)
              ^^^^^^^^^^^^^^^^^^^^^^^^^^^^^^^^^^^^
  File "/home/sl/src/baton/v12/python/tests/tools/test_stage_execution.py", line 2699, in turn
    delivered = launch.adopt(
        self.config["launch_home"], attempt_id=attempt_id,
    ...<2 lines>...
        transport=exchange.EXCHANGE_TRANSPORT,
        workspace_group=single_worker.configured_workspace_group(control))
  File "/home/sl/src/baton/v12/python/src/baton_v12/worker_manager/launch.py", line 738, in adopt
    _denied(f"attempt {name_value(attempt)}'s launch document is not the "
    ~~~~~~~^^^^^^^^^^^^^^^^^^^^^^^^^^^^^^^^^^^^^^^^^^^^^^^^^^^^^^^^^^^^^^^
            f"one this manager would have written for it; a document that "
            ^^^^^^^^^^^^^^^^^^^^^^^^^^^^^^^^^^^^^^^^^^^^^^^^^^^^^^^^^^^^^^^
            f"is merely well formed proves which KIND of thing it is and "
            ^^^^^^^^^^^^^^^^^^^^^^^^^^^^^^^^^^^^^^^^^^^^^^^^^^^^^^^^^^^^^^
            f"not which delivery")
            ^^^^^^^^^^^^^^^^^^^^^^
  File "/home/sl/src/baton/v12/python/src/baton_v12/worker_manager/launch.py", line 214, in _denied
    raise ContractRefusal("policy", "denied", message)
baton_v12.contracts.errors.ContractRefusal: attempt 'attempt-7b5e070a732d64a31d8830d12147471913947786b9a59376be1…'s launch document is not the one this manager would have written for it; a document that is merely well formed proves which KIND of thing it is and not which delivery

======================================================================
ERROR: test_a_supplied_port_takes_precedence_over_construction (tests.tools.test_stage_execution.TwoBoundJobsTraverseServingAndCorrection.test_a_supplied_port_takes_precedence_over_construction)
AN OPERATOR'S INJECTED CAPABILITY STAYS THE ONE IN USE, measured by
----------------------------------------------------------------------
Traceback (most recent call last):
  File "/home/sl/src/baton/v12/python/tests/tools/test_stage_execution.py", line 7665, in test_a_supplied_port_takes_precedence_over_construction
    held = self.both_accepted()
  File "/home/sl/src/baton/v12/python/tests/tools/test_stage_execution.py", line 7998, in both_accepted
    held.first_review = self.accepted(
                        ~~~~~~~~~~~~~^
        held, "job-a", "implementation-worker", "review-worker",
        ^^^^^^^^^^^^^^^^^^^^^^^^^^^^^^^^^^^^^^^^^^^^^^^^^^^^^^^^
        held.first, "print('the first job answered')\n")
        ^^^^^^^^^^^^^^^^^^^^^^^^^^^^^^^^^^^^^^^^^^^^^^^^
  File "/home/sl/src/baton/v12/python/tests/tools/test_stage_execution.py", line 6924, in accepted
    self.produced(held, job_id, attempt_id, body, edits=edits)
    ~~~~~~~~~~~~~^^^^^^^^^^^^^^^^^^^^^^^^^^^^^^^^^^^^^^^^^^^^^
  File "/home/sl/src/baton/v12/python/tests/tools/test_stage_execution.py", line 6905, in produced
    self.turn(held.control, "implementation", attempt_id,
    ~~~~~~~~~^^^^^^^^^^^^^^^^^^^^^^^^^^^^^^^^^^^^^^^^^^^^
              self.mounted_at(held.composed, attempt_id),
              ^^^^^^^^^^^^^^^^^^^^^^^^^^^^^^^^^^^^^^^^^^^
              edits=edits or {"harness.py": body}), 0)
              ^^^^^^^^^^^^^^^^^^^^^^^^^^^^^^^^^^^^
  File "/home/sl/src/baton/v12/python/tests/tools/test_stage_execution.py", line 2699, in turn
    delivered = launch.adopt(
        self.config["launch_home"], attempt_id=attempt_id,
    ...<2 lines>...
        transport=exchange.EXCHANGE_TRANSPORT,
        workspace_group=single_worker.configured_workspace_group(control))
  File "/home/sl/src/baton/v12/python/src/baton_v12/worker_manager/launch.py", line 738, in adopt
    _denied(f"attempt {name_value(attempt)}'s launch document is not the "
    ~~~~~~~^^^^^^^^^^^^^^^^^^^^^^^^^^^^^^^^^^^^^^^^^^^^^^^^^^^^^^^^^^^^^^^
            f"one this manager would have written for it; a document that "
            ^^^^^^^^^^^^^^^^^^^^^^^^^^^^^^^^^^^^^^^^^^^^^^^^^^^^^^^^^^^^^^^
            f"is merely well formed proves which KIND of thing it is and "
            ^^^^^^^^^^^^^^^^^^^^^^^^^^^^^^^^^^^^^^^^^^^^^^^^^^^^^^^^^^^^^^
            f"not which delivery")
            ^^^^^^^^^^^^^^^^^^^^^^
  File "/home/sl/src/baton/v12/python/src/baton_v12/worker_manager/launch.py", line 214, in _denied
    raise ContractRefusal("policy", "denied", message)
baton_v12.contracts.errors.ContractRefusal: attempt 'attempt-7b5e070a732d64a31d8830d12147471913947786b9a59376be1…'s launch document is not the one this manager would have written for it; a document that is merely well formed proves which KIND of thing it is and not which delivery

======================================================================
ERROR: test_a_workspace_aliasing_the_target_fetches_and_writes_nothing (tests.tools.test_stage_execution.TwoBoundJobsTraverseServingAndCorrection.test_a_workspace_aliasing_the_target_fetches_and_writes_nothing)
W133129: THE BRANCH-LEVEL no-fetch/no-write CONTROL.
----------------------------------------------------------------------
Traceback (most recent call last):
  File "/home/sl/src/baton/v12/python/tests/tools/test_stage_execution.py", line 8716, in test_a_workspace_aliasing_the_target_fetches_and_writes_nothing
    held = self.integrating()
  File "/home/sl/src/baton/v12/python/tests/tools/test_stage_execution.py", line 8784, in integrating
    held = self.both_accepted(**members)
  File "/home/sl/src/baton/v12/python/tests/tools/test_stage_execution.py", line 7998, in both_accepted
    held.first_review = self.accepted(
                        ~~~~~~~~~~~~~^
        held, "job-a", "implementation-worker", "review-worker",
        ^^^^^^^^^^^^^^^^^^^^^^^^^^^^^^^^^^^^^^^^^^^^^^^^^^^^^^^^
        held.first, "print('the first job answered')\n")
        ^^^^^^^^^^^^^^^^^^^^^^^^^^^^^^^^^^^^^^^^^^^^^^^^
  File "/home/sl/src/baton/v12/python/tests/tools/test_stage_execution.py", line 6924, in accepted
    self.produced(held, job_id, attempt_id, body, edits=edits)
    ~~~~~~~~~~~~~^^^^^^^^^^^^^^^^^^^^^^^^^^^^^^^^^^^^^^^^^^^^^
  File "/home/sl/src/baton/v12/python/tests/tools/test_stage_execution.py", line 6905, in produced
    self.turn(held.control, "implementation", attempt_id,
    ~~~~~~~~~^^^^^^^^^^^^^^^^^^^^^^^^^^^^^^^^^^^^^^^^^^^^
              self.mounted_at(held.composed, attempt_id),
              ^^^^^^^^^^^^^^^^^^^^^^^^^^^^^^^^^^^^^^^^^^^
              edits=edits or {"harness.py": body}), 0)
              ^^^^^^^^^^^^^^^^^^^^^^^^^^^^^^^^^^^^
  File "/home/sl/src/baton/v12/python/tests/tools/test_stage_execution.py", line 2699, in turn
    delivered = launch.adopt(
        self.config["launch_home"], attempt_id=attempt_id,
    ...<2 lines>...
        transport=exchange.EXCHANGE_TRANSPORT,
        workspace_group=single_worker.configured_workspace_group(control))
  File "/home/sl/src/baton/v12/python/src/baton_v12/worker_manager/launch.py", line 738, in adopt
    _denied(f"attempt {name_value(attempt)}'s launch document is not the "
    ~~~~~~~^^^^^^^^^^^^^^^^^^^^^^^^^^^^^^^^^^^^^^^^^^^^^^^^^^^^^^^^^^^^^^^
            f"one this manager would have written for it; a document that "
            ^^^^^^^^^^^^^^^^^^^^^^^^^^^^^^^^^^^^^^^^^^^^^^^^^^^^^^^^^^^^^^^
            f"is merely well formed proves which KIND of thing it is and "
            ^^^^^^^^^^^^^^^^^^^^^^^^^^^^^^^^^^^^^^^^^^^^^^^^^^^^^^^^^^^^^^
            f"not which delivery")
            ^^^^^^^^^^^^^^^^^^^^^^
  File "/home/sl/src/baton/v12/python/src/baton_v12/worker_manager/launch.py", line 214, in _denied
    raise ContractRefusal("policy", "denied", message)
baton_v12.contracts.errors.ContractRefusal: attempt 'attempt-7b5e070a732d64a31d8830d12147471913947786b9a59376be1…'s launch document is not the one this manager would have written for it; a document that is merely well formed proves which KIND of thing it is and not which delivery

======================================================================
ERROR: test_a_workspace_that_is_the_target_is_the_same_repository (tests.tools.test_stage_execution.TwoBoundJobsTraverseServingAndCorrection.test_a_workspace_that_is_the_target_is_the_same_repository)
The alias no-write control for the pre-write isolation guard: the
----------------------------------------------------------------------
Traceback (most recent call last):
  File "/home/sl/src/baton/v12/python/tests/tools/test_stage_execution.py", line 8753, in test_a_workspace_that_is_the_target_is_the_same_repository
    held = self.integrating()
  File "/home/sl/src/baton/v12/python/tests/tools/test_stage_execution.py", line 8784, in integrating
    held = self.both_accepted(**members)
  File "/home/sl/src/baton/v12/python/tests/tools/test_stage_execution.py", line 7998, in both_accepted
    held.first_review = self.accepted(
                        ~~~~~~~~~~~~~^
        held, "job-a", "implementation-worker", "review-worker",
        ^^^^^^^^^^^^^^^^^^^^^^^^^^^^^^^^^^^^^^^^^^^^^^^^^^^^^^^^
        held.first, "print('the first job answered')\n")
        ^^^^^^^^^^^^^^^^^^^^^^^^^^^^^^^^^^^^^^^^^^^^^^^^
  File "/home/sl/src/baton/v12/python/tests/tools/test_stage_execution.py", line 6924, in accepted
    self.produced(held, job_id, attempt_id, body, edits=edits)
    ~~~~~~~~~~~~~^^^^^^^^^^^^^^^^^^^^^^^^^^^^^^^^^^^^^^^^^^^^^
  File "/home/sl/src/baton/v12/python/tests/tools/test_stage_execution.py", line 6905, in produced
    self.turn(held.control, "implementation", attempt_id,
    ~~~~~~~~~^^^^^^^^^^^^^^^^^^^^^^^^^^^^^^^^^^^^^^^^^^^^
              self.mounted_at(held.composed, attempt_id),
              ^^^^^^^^^^^^^^^^^^^^^^^^^^^^^^^^^^^^^^^^^^^
              edits=edits or {"harness.py": body}), 0)
              ^^^^^^^^^^^^^^^^^^^^^^^^^^^^^^^^^^^^
  File "/home/sl/src/baton/v12/python/tests/tools/test_stage_execution.py", line 2699, in turn
    delivered = launch.adopt(
        self.config["launch_home"], attempt_id=attempt_id,
    ...<2 lines>...
        transport=exchange.EXCHANGE_TRANSPORT,
        workspace_group=single_worker.configured_workspace_group(control))
  File "/home/sl/src/baton/v12/python/src/baton_v12/worker_manager/launch.py", line 738, in adopt
    _denied(f"attempt {name_value(attempt)}'s launch document is not the "
    ~~~~~~~^^^^^^^^^^^^^^^^^^^^^^^^^^^^^^^^^^^^^^^^^^^^^^^^^^^^^^^^^^^^^^^
            f"one this manager would have written for it; a document that "
            ^^^^^^^^^^^^^^^^^^^^^^^^^^^^^^^^^^^^^^^^^^^^^^^^^^^^^^^^^^^^^^^
            f"is merely well formed proves which KIND of thing it is and "
            ^^^^^^^^^^^^^^^^^^^^^^^^^^^^^^^^^^^^^^^^^^^^^^^^^^^^^^^^^^^^^^
            f"not which delivery")
            ^^^^^^^^^^^^^^^^^^^^^^
  File "/home/sl/src/baton/v12/python/src/baton_v12/worker_manager/launch.py", line 214, in _denied
    raise ContractRefusal("policy", "denied", message)
baton_v12.contracts.errors.ContractRefusal: attempt 'attempt-7b5e070a732d64a31d8830d12147471913947786b9a59376be1…'s launch document is not the one this manager would have written for it; a document that is merely well formed proves which KIND of thing it is and not which delivery

======================================================================
ERROR: test_an_accepted_job_integrates_and_hands_off_inside_a_two_job_pool (tests.tools.test_stage_execution.TwoBoundJobsTraverseServingAndCorrection.test_an_accepted_job_integrates_and_hands_off_inside_a_two_job_pool)
THE TERMINAL HALF, driven inside a deployment serving two Jobs.
----------------------------------------------------------------------
Traceback (most recent call last):
  File "/home/sl/src/baton/v12/python/tests/tools/test_stage_execution.py", line 8185, in test_an_accepted_job_integrates_and_hands_off_inside_a_two_job_pool
    held = self.integrating()
  File "/home/sl/src/baton/v12/python/tests/tools/test_stage_execution.py", line 8784, in integrating
    held = self.both_accepted(**members)
  File "/home/sl/src/baton/v12/python/tests/tools/test_stage_execution.py", line 7998, in both_accepted
    held.first_review = self.accepted(
                        ~~~~~~~~~~~~~^
        held, "job-a", "implementation-worker", "review-worker",
        ^^^^^^^^^^^^^^^^^^^^^^^^^^^^^^^^^^^^^^^^^^^^^^^^^^^^^^^^
        held.first, "print('the first job answered')\n")
        ^^^^^^^^^^^^^^^^^^^^^^^^^^^^^^^^^^^^^^^^^^^^^^^^
  File "/home/sl/src/baton/v12/python/tests/tools/test_stage_execution.py", line 6924, in accepted
    self.produced(held, job_id, attempt_id, body, edits=edits)
    ~~~~~~~~~~~~~^^^^^^^^^^^^^^^^^^^^^^^^^^^^^^^^^^^^^^^^^^^^^
  File "/home/sl/src/baton/v12/python/tests/tools/test_stage_execution.py", line 6905, in produced
    self.turn(held.control, "implementation", attempt_id,
    ~~~~~~~~~^^^^^^^^^^^^^^^^^^^^^^^^^^^^^^^^^^^^^^^^^^^^
              self.mounted_at(held.composed, attempt_id),
              ^^^^^^^^^^^^^^^^^^^^^^^^^^^^^^^^^^^^^^^^^^^
              edits=edits or {"harness.py": body}), 0)
              ^^^^^^^^^^^^^^^^^^^^^^^^^^^^^^^^^^^^
  File "/home/sl/src/baton/v12/python/tests/tools/test_stage_execution.py", line 2699, in turn
    delivered = launch.adopt(
        self.config["launch_home"], attempt_id=attempt_id,
    ...<2 lines>...
        transport=exchange.EXCHANGE_TRANSPORT,
        workspace_group=single_worker.configured_workspace_group(control))
  File "/home/sl/src/baton/v12/python/src/baton_v12/worker_manager/launch.py", line 738, in adopt
    _denied(f"attempt {name_value(attempt)}'s launch document is not the "
    ~~~~~~~^^^^^^^^^^^^^^^^^^^^^^^^^^^^^^^^^^^^^^^^^^^^^^^^^^^^^^^^^^^^^^^
            f"one this manager would have written for it; a document that "
            ^^^^^^^^^^^^^^^^^^^^^^^^^^^^^^^^^^^^^^^^^^^^^^^^^^^^^^^^^^^^^^^
            f"is merely well formed proves which KIND of thing it is and "
            ^^^^^^^^^^^^^^^^^^^^^^^^^^^^^^^^^^^^^^^^^^^^^^^^^^^^^^^^^^^^^^
            f"not which delivery")
            ^^^^^^^^^^^^^^^^^^^^^^
  File "/home/sl/src/baton/v12/python/src/baton_v12/worker_manager/launch.py", line 214, in _denied
    raise ContractRefusal("policy", "denied", message)
baton_v12.contracts.errors.ContractRefusal: attempt 'attempt-7b5e070a732d64a31d8830d12147471913947786b9a59376be1…'s launch document is not the one this manager would have written for it; a document that is merely well formed proves which KIND of thing it is and not which delivery

======================================================================
ERROR: test_derived_judges_reconstruct_after_dispatch_without_second_launch (tests.tools.test_stage_execution.TwoBoundJobsTraverseServingAndCorrection.test_derived_judges_reconstruct_after_dispatch_without_second_launch)
----------------------------------------------------------------------
Traceback (most recent call last):
  File "/home/sl/src/baton/v12/python/tests/tools/test_stage_execution.py", line 7199, in test_derived_judges_reconstruct_after_dispatch_without_second_launch
    held, deployment, result_id, result = self.pending_judgments()
                                          ~~~~~~~~~~~~~~~~~~~~~~^^
  File "/home/sl/src/baton/v12/python/tests/tools/test_stage_execution.py", line 7086, in pending_judgments
    held = self.integrating(result_judgment_workers=self.judgment_workers())
  File "/home/sl/src/baton/v12/python/tests/tools/test_stage_execution.py", line 8784, in integrating
    held = self.both_accepted(**members)
  File "/home/sl/src/baton/v12/python/tests/tools/test_stage_execution.py", line 7998, in both_accepted
    held.first_review = self.accepted(
                        ~~~~~~~~~~~~~^
        held, "job-a", "implementation-worker", "review-worker",
        ^^^^^^^^^^^^^^^^^^^^^^^^^^^^^^^^^^^^^^^^^^^^^^^^^^^^^^^^
        held.first, "print('the first job answered')\n")
        ^^^^^^^^^^^^^^^^^^^^^^^^^^^^^^^^^^^^^^^^^^^^^^^^
  File "/home/sl/src/baton/v12/python/tests/tools/test_stage_execution.py", line 6924, in accepted
    self.produced(held, job_id, attempt_id, body, edits=edits)
    ~~~~~~~~~~~~~^^^^^^^^^^^^^^^^^^^^^^^^^^^^^^^^^^^^^^^^^^^^^
  File "/home/sl/src/baton/v12/python/tests/tools/test_stage_execution.py", line 6905, in produced
    self.turn(held.control, "implementation", attempt_id,
    ~~~~~~~~~^^^^^^^^^^^^^^^^^^^^^^^^^^^^^^^^^^^^^^^^^^^^
              self.mounted_at(held.composed, attempt_id),
              ^^^^^^^^^^^^^^^^^^^^^^^^^^^^^^^^^^^^^^^^^^^
              edits=edits or {"harness.py": body}), 0)
              ^^^^^^^^^^^^^^^^^^^^^^^^^^^^^^^^^^^^
  File "/home/sl/src/baton/v12/python/tests/tools/test_stage_execution.py", line 2699, in turn
    delivered = launch.adopt(
        self.config["launch_home"], attempt_id=attempt_id,
    ...<2 lines>...
        transport=exchange.EXCHANGE_TRANSPORT,
        workspace_group=single_worker.configured_workspace_group(control))
  File "/home/sl/src/baton/v12/python/src/baton_v12/worker_manager/launch.py", line 738, in adopt
    _denied(f"attempt {name_value(attempt)}'s launch document is not the "
    ~~~~~~~^^^^^^^^^^^^^^^^^^^^^^^^^^^^^^^^^^^^^^^^^^^^^^^^^^^^^^^^^^^^^^^
            f"one this manager would have written for it; a document that "
            ^^^^^^^^^^^^^^^^^^^^^^^^^^^^^^^^^^^^^^^^^^^^^^^^^^^^^^^^^^^^^^^
            f"is merely well formed proves which KIND of thing it is and "
            ^^^^^^^^^^^^^^^^^^^^^^^^^^^^^^^^^^^^^^^^^^^^^^^^^^^^^^^^^^^^^^
            f"not which delivery")
            ^^^^^^^^^^^^^^^^^^^^^^
  File "/home/sl/src/baton/v12/python/src/baton_v12/worker_manager/launch.py", line 214, in _denied
    raise ContractRefusal("policy", "denied", message)
baton_v12.contracts.errors.ContractRefusal: attempt 'attempt-7b5e070a732d64a31d8830d12147471913947786b9a59376be1…'s launch document is not the one this manager would have written for it; a document that is merely well formed proves which KIND of thing it is and not which delivery

======================================================================
ERROR: test_each_jobs_integration_binds_its_own_producer_task_and_port (tests.tools.test_stage_execution.TwoBoundJobsTraverseServingAndCorrection.test_each_jobs_integration_binds_its_own_producer_task_and_port)
NO GLOBAL FALLBACK LEFT IN THE INTEGRATION OPERANDS.
----------------------------------------------------------------------
Traceback (most recent call last):
  File "/home/sl/src/baton/v12/python/tests/tools/test_stage_execution.py", line 8047, in test_each_jobs_integration_binds_its_own_producer_task_and_port
    held = self.both_accepted()
  File "/home/sl/src/baton/v12/python/tests/tools/test_stage_execution.py", line 7998, in both_accepted
    held.first_review = self.accepted(
                        ~~~~~~~~~~~~~^
        held, "job-a", "implementation-worker", "review-worker",
        ^^^^^^^^^^^^^^^^^^^^^^^^^^^^^^^^^^^^^^^^^^^^^^^^^^^^^^^^
        held.first, "print('the first job answered')\n")
        ^^^^^^^^^^^^^^^^^^^^^^^^^^^^^^^^^^^^^^^^^^^^^^^^
  File "/home/sl/src/baton/v12/python/tests/tools/test_stage_execution.py", line 6924, in accepted
    self.produced(held, job_id, attempt_id, body, edits=edits)
    ~~~~~~~~~~~~~^^^^^^^^^^^^^^^^^^^^^^^^^^^^^^^^^^^^^^^^^^^^^
  File "/home/sl/src/baton/v12/python/tests/tools/test_stage_execution.py", line 6905, in produced
    self.turn(held.control, "implementation", attempt_id,
    ~~~~~~~~~^^^^^^^^^^^^^^^^^^^^^^^^^^^^^^^^^^^^^^^^^^^^
              self.mounted_at(held.composed, attempt_id),
              ^^^^^^^^^^^^^^^^^^^^^^^^^^^^^^^^^^^^^^^^^^^
              edits=edits or {"harness.py": body}), 0)
              ^^^^^^^^^^^^^^^^^^^^^^^^^^^^^^^^^^^^
  File "/home/sl/src/baton/v12/python/tests/tools/test_stage_execution.py", line 2699, in turn
    delivered = launch.adopt(
        self.config["launch_home"], attempt_id=attempt_id,
    ...<2 lines>...
        transport=exchange.EXCHANGE_TRANSPORT,
        workspace_group=single_worker.configured_workspace_group(control))
  File "/home/sl/src/baton/v12/python/src/baton_v12/worker_manager/launch.py", line 738, in adopt
    _denied(f"attempt {name_value(attempt)}'s launch document is not the "
    ~~~~~~~^^^^^^^^^^^^^^^^^^^^^^^^^^^^^^^^^^^^^^^^^^^^^^^^^^^^^^^^^^^^^^^
            f"one this manager would have written for it; a document that "
            ^^^^^^^^^^^^^^^^^^^^^^^^^^^^^^^^^^^^^^^^^^^^^^^^^^^^^^^^^^^^^^^
            f"is merely well formed proves which KIND of thing it is and "
            ^^^^^^^^^^^^^^^^^^^^^^^^^^^^^^^^^^^^^^^^^^^^^^^^^^^^^^^^^^^^^^
            f"not which delivery")
            ^^^^^^^^^^^^^^^^^^^^^^
  File "/home/sl/src/baton/v12/python/src/baton_v12/worker_manager/launch.py", line 214, in _denied
    raise ContractRefusal("policy", "denied", message)
baton_v12.contracts.errors.ContractRefusal: attempt 'attempt-7b5e070a732d64a31d8830d12147471913947786b9a59376be1…'s launch document is not the one this manager would have written for it; a document that is merely well formed proves which KIND of thing it is and not which delivery

======================================================================
ERROR: test_foreign_frozen_candidate_cannot_authorize_derived_receipts (tests.tools.test_stage_execution.TwoBoundJobsTraverseServingAndCorrection.test_foreign_frozen_candidate_cannot_authorize_derived_receipts)
----------------------------------------------------------------------
Traceback (most recent call last):
  File "/home/sl/src/baton/v12/python/tests/tools/test_stage_execution.py", line 7177, in test_foreign_frozen_candidate_cannot_authorize_derived_receipts
    held, deployment, result_id, result = self.pending_judgments()
                                          ~~~~~~~~~~~~~~~~~~~~~~^^
  File "/home/sl/src/baton/v12/python/tests/tools/test_stage_execution.py", line 7086, in pending_judgments
    held = self.integrating(result_judgment_workers=self.judgment_workers())
  File "/home/sl/src/baton/v12/python/tests/tools/test_stage_execution.py", line 8784, in integrating
    held = self.both_accepted(**members)
  File "/home/sl/src/baton/v12/python/tests/tools/test_stage_execution.py", line 7998, in both_accepted
    held.first_review = self.accepted(
                        ~~~~~~~~~~~~~^
        held, "job-a", "implementation-worker", "review-worker",
        ^^^^^^^^^^^^^^^^^^^^^^^^^^^^^^^^^^^^^^^^^^^^^^^^^^^^^^^^
        held.first, "print('the first job answered')\n")
        ^^^^^^^^^^^^^^^^^^^^^^^^^^^^^^^^^^^^^^^^^^^^^^^^
  File "/home/sl/src/baton/v12/python/tests/tools/test_stage_execution.py", line 6924, in accepted
    self.produced(held, job_id, attempt_id, body, edits=edits)
    ~~~~~~~~~~~~~^^^^^^^^^^^^^^^^^^^^^^^^^^^^^^^^^^^^^^^^^^^^^
  File "/home/sl/src/baton/v12/python/tests/tools/test_stage_execution.py", line 6905, in produced
    self.turn(held.control, "implementation", attempt_id,
    ~~~~~~~~~^^^^^^^^^^^^^^^^^^^^^^^^^^^^^^^^^^^^^^^^^^^^
              self.mounted_at(held.composed, attempt_id),
              ^^^^^^^^^^^^^^^^^^^^^^^^^^^^^^^^^^^^^^^^^^^
              edits=edits or {"harness.py": body}), 0)
              ^^^^^^^^^^^^^^^^^^^^^^^^^^^^^^^^^^^^
  File "/home/sl/src/baton/v12/python/tests/tools/test_stage_execution.py", line 2699, in turn
    delivered = launch.adopt(
        self.config["launch_home"], attempt_id=attempt_id,
    ...<2 lines>...
        transport=exchange.EXCHANGE_TRANSPORT,
        workspace_group=single_worker.configured_workspace_group(control))
  File "/home/sl/src/baton/v12/python/src/baton_v12/worker_manager/launch.py", line 738, in adopt
    _denied(f"attempt {name_value(attempt)}'s launch document is not the "
    ~~~~~~~^^^^^^^^^^^^^^^^^^^^^^^^^^^^^^^^^^^^^^^^^^^^^^^^^^^^^^^^^^^^^^^
            f"one this manager would have written for it; a document that "
            ^^^^^^^^^^^^^^^^^^^^^^^^^^^^^^^^^^^^^^^^^^^^^^^^^^^^^^^^^^^^^^^
            f"is merely well formed proves which KIND of thing it is and "
            ^^^^^^^^^^^^^^^^^^^^^^^^^^^^^^^^^^^^^^^^^^^^^^^^^^^^^^^^^^^^^^
            f"not which delivery")
            ^^^^^^^^^^^^^^^^^^^^^^
  File "/home/sl/src/baton/v12/python/src/baton_v12/worker_manager/launch.py", line 214, in _denied
    raise ContractRefusal("policy", "denied", message)
baton_v12.contracts.errors.ContractRefusal: attempt 'attempt-7b5e070a732d64a31d8830d12147471913947786b9a59376be1…'s launch document is not the one this manager would have written for it; a document that is merely well formed proves which KIND of thing it is and not which delivery

======================================================================
ERROR: test_instructions_that_do_not_match_the_pinned_digest_are_refused (tests.tools.test_stage_execution.TwoBoundJobsTraverseServingAndCorrection.test_instructions_that_do_not_match_the_pinned_digest_are_refused)
The pin is what makes reading a configured file safe: bytes that
----------------------------------------------------------------------
Traceback (most recent call last):
  File "/home/sl/src/baton/v12/python/tests/tools/test_stage_execution.py", line 7686, in test_instructions_that_do_not_match_the_pinned_digest_are_refused
    held = self.both_accepted()
  File "/home/sl/src/baton/v12/python/tests/tools/test_stage_execution.py", line 7998, in both_accepted
    held.first_review = self.accepted(
                        ~~~~~~~~~~~~~^
        held, "job-a", "implementation-worker", "review-worker",
        ^^^^^^^^^^^^^^^^^^^^^^^^^^^^^^^^^^^^^^^^^^^^^^^^^^^^^^^^
        held.first, "print('the first job answered')\n")
        ^^^^^^^^^^^^^^^^^^^^^^^^^^^^^^^^^^^^^^^^^^^^^^^^
  File "/home/sl/src/baton/v12/python/tests/tools/test_stage_execution.py", line 6924, in accepted
    self.produced(held, job_id, attempt_id, body, edits=edits)
    ~~~~~~~~~~~~~^^^^^^^^^^^^^^^^^^^^^^^^^^^^^^^^^^^^^^^^^^^^^
  File "/home/sl/src/baton/v12/python/tests/tools/test_stage_execution.py", line 6905, in produced
    self.turn(held.control, "implementation", attempt_id,
    ~~~~~~~~~^^^^^^^^^^^^^^^^^^^^^^^^^^^^^^^^^^^^^^^^^^^^
              self.mounted_at(held.composed, attempt_id),
              ^^^^^^^^^^^^^^^^^^^^^^^^^^^^^^^^^^^^^^^^^^^
              edits=edits or {"harness.py": body}), 0)
              ^^^^^^^^^^^^^^^^^^^^^^^^^^^^^^^^^^^^
  File "/home/sl/src/baton/v12/python/tests/tools/test_stage_execution.py", line 2699, in turn
    delivered = launch.adopt(
        self.config["launch_home"], attempt_id=attempt_id,
    ...<2 lines>...
        transport=exchange.EXCHANGE_TRANSPORT,
        workspace_group=single_worker.configured_workspace_group(control))
  File "/home/sl/src/baton/v12/python/src/baton_v12/worker_manager/launch.py", line 738, in adopt
    _denied(f"attempt {name_value(attempt)}'s launch document is not the "
    ~~~~~~~^^^^^^^^^^^^^^^^^^^^^^^^^^^^^^^^^^^^^^^^^^^^^^^^^^^^^^^^^^^^^^^
            f"one this manager would have written for it; a document that "
            ^^^^^^^^^^^^^^^^^^^^^^^^^^^^^^^^^^^^^^^^^^^^^^^^^^^^^^^^^^^^^^^
            f"is merely well formed proves which KIND of thing it is and "
            ^^^^^^^^^^^^^^^^^^^^^^^^^^^^^^^^^^^^^^^^^^^^^^^^^^^^^^^^^^^^^^
            f"not which delivery")
            ^^^^^^^^^^^^^^^^^^^^^^
  File "/home/sl/src/baton/v12/python/src/baton_v12/worker_manager/launch.py", line 214, in _denied
    raise ContractRefusal("policy", "denied", message)
baton_v12.contracts.errors.ContractRefusal: attempt 'attempt-7b5e070a732d64a31d8830d12147471913947786b9a59376be1…'s launch document is not the one this manager would have written for it; a document that is merely well formed proves which KIND of thing it is and not which delivery

======================================================================
ERROR: test_one_job_reviews_while_the_other_is_still_coding (tests.tools.test_stage_execution.TwoBoundJobsTraverseServingAndCorrection.test_one_job_reviews_while_the_other_is_still_coding)
THE OVERLAP, and it is the whole reason a pool exists.
----------------------------------------------------------------------
Traceback (most recent call last):
  File "/home/sl/src/baton/v12/python/tests/tools/test_stage_execution.py", line 7901, in test_one_job_reviews_while_the_other_is_still_coding
    self.produced(held, "job-a", held.first,
    ~~~~~~~~~~~~~^^^^^^^^^^^^^^^^^^^^^^^^^^^
                  "print('the first job answered')\n")
                  ^^^^^^^^^^^^^^^^^^^^^^^^^^^^^^^^^^^^
  File "/home/sl/src/baton/v12/python/tests/tools/test_stage_execution.py", line 6905, in produced
    self.turn(held.control, "implementation", attempt_id,
    ~~~~~~~~~^^^^^^^^^^^^^^^^^^^^^^^^^^^^^^^^^^^^^^^^^^^^
              self.mounted_at(held.composed, attempt_id),
              ^^^^^^^^^^^^^^^^^^^^^^^^^^^^^^^^^^^^^^^^^^^
              edits=edits or {"harness.py": body}), 0)
              ^^^^^^^^^^^^^^^^^^^^^^^^^^^^^^^^^^^^
  File "/home/sl/src/baton/v12/python/tests/tools/test_stage_execution.py", line 2699, in turn
    delivered = launch.adopt(
        self.config["launch_home"], attempt_id=attempt_id,
    ...<2 lines>...
        transport=exchange.EXCHANGE_TRANSPORT,
        workspace_group=single_worker.configured_workspace_group(control))
  File "/home/sl/src/baton/v12/python/src/baton_v12/worker_manager/launch.py", line 738, in adopt
    _denied(f"attempt {name_value(attempt)}'s launch document is not the "
    ~~~~~~~^^^^^^^^^^^^^^^^^^^^^^^^^^^^^^^^^^^^^^^^^^^^^^^^^^^^^^^^^^^^^^^
            f"one this manager would have written for it; a document that "
            ^^^^^^^^^^^^^^^^^^^^^^^^^^^^^^^^^^^^^^^^^^^^^^^^^^^^^^^^^^^^^^^
            f"is merely well formed proves which KIND of thing it is and "
            ^^^^^^^^^^^^^^^^^^^^^^^^^^^^^^^^^^^^^^^^^^^^^^^^^^^^^^^^^^^^^^
            f"not which delivery")
            ^^^^^^^^^^^^^^^^^^^^^^
  File "/home/sl/src/baton/v12/python/src/baton_v12/worker_manager/launch.py", line 214, in _denied
    raise ContractRefusal("policy", "denied", message)
baton_v12.contracts.errors.ContractRefusal: attempt 'attempt-7b5e070a732d64a31d8830d12147471913947786b9a59376be1…'s launch document is not the one this manager would have written for it; a document that is merely well formed proves which KIND of thing it is and not which delivery

======================================================================
ERROR: test_policy_drift_cannot_reuse_or_redispatch_derived_judgments (tests.tools.test_stage_execution.TwoBoundJobsTraverseServingAndCorrection.test_policy_drift_cannot_reuse_or_redispatch_derived_judgments)
----------------------------------------------------------------------
Traceback (most recent call last):
  File "/home/sl/src/baton/v12/python/tests/tools/test_stage_execution.py", line 7165, in test_policy_drift_cannot_reuse_or_redispatch_derived_judgments
    held, deployment, result_id, result = self.pending_judgments()
                                          ~~~~~~~~~~~~~~~~~~~~~~^^
  File "/home/sl/src/baton/v12/python/tests/tools/test_stage_execution.py", line 7086, in pending_judgments
    held = self.integrating(result_judgment_workers=self.judgment_workers())
  File "/home/sl/src/baton/v12/python/tests/tools/test_stage_execution.py", line 8784, in integrating
    held = self.both_accepted(**members)
  File "/home/sl/src/baton/v12/python/tests/tools/test_stage_execution.py", line 7998, in both_accepted
    held.first_review = self.accepted(
                        ~~~~~~~~~~~~~^
        held, "job-a", "implementation-worker", "review-worker",
        ^^^^^^^^^^^^^^^^^^^^^^^^^^^^^^^^^^^^^^^^^^^^^^^^^^^^^^^^
        held.first, "print('the first job answered')\n")
        ^^^^^^^^^^^^^^^^^^^^^^^^^^^^^^^^^^^^^^^^^^^^^^^^
  File "/home/sl/src/baton/v12/python/tests/tools/test_stage_execution.py", line 6924, in accepted
    self.produced(held, job_id, attempt_id, body, edits=edits)
    ~~~~~~~~~~~~~^^^^^^^^^^^^^^^^^^^^^^^^^^^^^^^^^^^^^^^^^^^^^
  File "/home/sl/src/baton/v12/python/tests/tools/test_stage_execution.py", line 6905, in produced
    self.turn(held.control, "implementation", attempt_id,
    ~~~~~~~~~^^^^^^^^^^^^^^^^^^^^^^^^^^^^^^^^^^^^^^^^^^^^
              self.mounted_at(held.composed, attempt_id),
              ^^^^^^^^^^^^^^^^^^^^^^^^^^^^^^^^^^^^^^^^^^^
              edits=edits or {"harness.py": body}), 0)
              ^^^^^^^^^^^^^^^^^^^^^^^^^^^^^^^^^^^^
  File "/home/sl/src/baton/v12/python/tests/tools/test_stage_execution.py", line 2699, in turn
    delivered = launch.adopt(
        self.config["launch_home"], attempt_id=attempt_id,
    ...<2 lines>...
        transport=exchange.EXCHANGE_TRANSPORT,
        workspace_group=single_worker.configured_workspace_group(control))
  File "/home/sl/src/baton/v12/python/src/baton_v12/worker_manager/launch.py", line 738, in adopt
    _denied(f"attempt {name_value(attempt)}'s launch document is not the "
    ~~~~~~~^^^^^^^^^^^^^^^^^^^^^^^^^^^^^^^^^^^^^^^^^^^^^^^^^^^^^^^^^^^^^^^
            f"one this manager would have written for it; a document that "
            ^^^^^^^^^^^^^^^^^^^^^^^^^^^^^^^^^^^^^^^^^^^^^^^^^^^^^^^^^^^^^^^
            f"is merely well formed proves which KIND of thing it is and "
            ^^^^^^^^^^^^^^^^^^^^^^^^^^^^^^^^^^^^^^^^^^^^^^^^^^^^^^^^^^^^^^
            f"not which delivery")
            ^^^^^^^^^^^^^^^^^^^^^^
  File "/home/sl/src/baton/v12/python/src/baton_v12/worker_manager/launch.py", line 214, in _denied
    raise ContractRefusal("policy", "denied", message)
baton_v12.contracts.errors.ContractRefusal: attempt 'attempt-7b5e070a732d64a31d8830d12147471913947786b9a59376be1…'s launch document is not the one this manager would have written for it; a document that is merely well formed proves which KIND of thing it is and not which delivery

======================================================================
ERROR: test_readonly_integration_observation_keeps_the_bound_job (tests.tools.test_stage_execution.TwoBoundJobsTraverseServingAndCorrection.test_readonly_integration_observation_keeps_the_bound_job)
The public observer reaches the real two-producer completion account.
----------------------------------------------------------------------
Traceback (most recent call last):
  File "/home/sl/src/baton/v12/python/tests/tools/test_stage_execution.py", line 8141, in test_readonly_integration_observation_keeps_the_bound_job
    held = self.integrating()
  File "/home/sl/src/baton/v12/python/tests/tools/test_stage_execution.py", line 8784, in integrating
    held = self.both_accepted(**members)
  File "/home/sl/src/baton/v12/python/tests/tools/test_stage_execution.py", line 7998, in both_accepted
    held.first_review = self.accepted(
                        ~~~~~~~~~~~~~^
        held, "job-a", "implementation-worker", "review-worker",
        ^^^^^^^^^^^^^^^^^^^^^^^^^^^^^^^^^^^^^^^^^^^^^^^^^^^^^^^^
        held.first, "print('the first job answered')\n")
        ^^^^^^^^^^^^^^^^^^^^^^^^^^^^^^^^^^^^^^^^^^^^^^^^
  File "/home/sl/src/baton/v12/python/tests/tools/test_stage_execution.py", line 6924, in accepted
    self.produced(held, job_id, attempt_id, body, edits=edits)
    ~~~~~~~~~~~~~^^^^^^^^^^^^^^^^^^^^^^^^^^^^^^^^^^^^^^^^^^^^^
  File "/home/sl/src/baton/v12/python/tests/tools/test_stage_execution.py", line 6905, in produced
    self.turn(held.control, "implementation", attempt_id,
    ~~~~~~~~~^^^^^^^^^^^^^^^^^^^^^^^^^^^^^^^^^^^^^^^^^^^^
              self.mounted_at(held.composed, attempt_id),
              ^^^^^^^^^^^^^^^^^^^^^^^^^^^^^^^^^^^^^^^^^^^
              edits=edits or {"harness.py": body}), 0)
              ^^^^^^^^^^^^^^^^^^^^^^^^^^^^^^^^^^^^
  File "/home/sl/src/baton/v12/python/tests/tools/test_stage_execution.py", line 2699, in turn
    delivered = launch.adopt(
        self.config["launch_home"], attempt_id=attempt_id,
    ...<2 lines>...
        transport=exchange.EXCHANGE_TRANSPORT,
        workspace_group=single_worker.configured_workspace_group(control))
  File "/home/sl/src/baton/v12/python/src/baton_v12/worker_manager/launch.py", line 738, in adopt
    _denied(f"attempt {name_value(attempt)}'s launch document is not the "
    ~~~~~~~^^^^^^^^^^^^^^^^^^^^^^^^^^^^^^^^^^^^^^^^^^^^^^^^^^^^^^^^^^^^^^^
            f"one this manager would have written for it; a document that "
            ^^^^^^^^^^^^^^^^^^^^^^^^^^^^^^^^^^^^^^^^^^^^^^^^^^^^^^^^^^^^^^^
            f"is merely well formed proves which KIND of thing it is and "
            ^^^^^^^^^^^^^^^^^^^^^^^^^^^^^^^^^^^^^^^^^^^^^^^^^^^^^^^^^^^^^^
            f"not which delivery")
            ^^^^^^^^^^^^^^^^^^^^^^
  File "/home/sl/src/baton/v12/python/src/baton_v12/worker_manager/launch.py", line 214, in _denied
    raise ContractRefusal("policy", "denied", message)
baton_v12.contracts.errors.ContractRefusal: attempt 'attempt-7b5e070a732d64a31d8830d12147471913947786b9a59376be1…'s launch document is not the one this manager would have written for it; a document that is merely well formed proves which KIND of thing it is and not which delivery

======================================================================
ERROR: test_readonly_reconciled_completion_without_runtime_reaches_outer_observer (tests.tools.test_stage_execution.TwoBoundJobsTraverseServingAndCorrection.test_readonly_reconciled_completion_without_runtime_reaches_outer_observer)
A model-free import reaches status through the public read-only owner.
----------------------------------------------------------------------
Traceback (most recent call last):
  File "/home/sl/src/baton/v12/python/tests/tools/test_stage_execution.py", line 8084, in test_readonly_reconciled_completion_without_runtime_reaches_outer_observer
    held, deployment, result_id, result = self.pending_judgments()
                                          ~~~~~~~~~~~~~~~~~~~~~~^^
  File "/home/sl/src/baton/v12/python/tests/tools/test_stage_execution.py", line 7086, in pending_judgments
    held = self.integrating(result_judgment_workers=self.judgment_workers())
  File "/home/sl/src/baton/v12/python/tests/tools/test_stage_execution.py", line 8784, in integrating
    held = self.both_accepted(**members)
  File "/home/sl/src/baton/v12/python/tests/tools/test_stage_execution.py", line 7998, in both_accepted
    held.first_review = self.accepted(
                        ~~~~~~~~~~~~~^
        held, "job-a", "implementation-worker", "review-worker",
        ^^^^^^^^^^^^^^^^^^^^^^^^^^^^^^^^^^^^^^^^^^^^^^^^^^^^^^^^
        held.first, "print('the first job answered')\n")
        ^^^^^^^^^^^^^^^^^^^^^^^^^^^^^^^^^^^^^^^^^^^^^^^^
  File "/home/sl/src/baton/v12/python/tests/tools/test_stage_execution.py", line 6924, in accepted
    self.produced(held, job_id, attempt_id, body, edits=edits)
    ~~~~~~~~~~~~~^^^^^^^^^^^^^^^^^^^^^^^^^^^^^^^^^^^^^^^^^^^^^
  File "/home/sl/src/baton/v12/python/tests/tools/test_stage_execution.py", line 6905, in produced
    self.turn(held.control, "implementation", attempt_id,
    ~~~~~~~~~^^^^^^^^^^^^^^^^^^^^^^^^^^^^^^^^^^^^^^^^^^^^
              self.mounted_at(held.composed, attempt_id),
              ^^^^^^^^^^^^^^^^^^^^^^^^^^^^^^^^^^^^^^^^^^^
              edits=edits or {"harness.py": body}), 0)
              ^^^^^^^^^^^^^^^^^^^^^^^^^^^^^^^^^^^^
  File "/home/sl/src/baton/v12/python/tests/tools/test_stage_execution.py", line 2699, in turn
    delivered = launch.adopt(
        self.config["launch_home"], attempt_id=attempt_id,
    ...<2 lines>...
        transport=exchange.EXCHANGE_TRANSPORT,
        workspace_group=single_worker.configured_workspace_group(control))
  File "/home/sl/src/baton/v12/python/src/baton_v12/worker_manager/launch.py", line 738, in adopt
    _denied(f"attempt {name_value(attempt)}'s launch document is not the "
    ~~~~~~~^^^^^^^^^^^^^^^^^^^^^^^^^^^^^^^^^^^^^^^^^^^^^^^^^^^^^^^^^^^^^^^
            f"one this manager would have written for it; a document that "
            ^^^^^^^^^^^^^^^^^^^^^^^^^^^^^^^^^^^^^^^^^^^^^^^^^^^^^^^^^^^^^^^
            f"is merely well formed proves which KIND of thing it is and "
            ^^^^^^^^^^^^^^^^^^^^^^^^^^^^^^^^^^^^^^^^^^^^^^^^^^^^^^^^^^^^^^
            f"not which delivery")
            ^^^^^^^^^^^^^^^^^^^^^^
  File "/home/sl/src/baton/v12/python/src/baton_v12/worker_manager/launch.py", line 214, in _denied
    raise ContractRefusal("policy", "denied", message)
baton_v12.contracts.errors.ContractRefusal: attempt 'attempt-7b5e070a732d64a31d8830d12147471913947786b9a59376be1…'s launch document is not the one this manager would have written for it; a document that is merely well formed proves which KIND of thing it is and not which delivery

======================================================================
ERROR: test_real_B_consumer_judges_frozen_reports_and_completes_both_jobs (tests.tools.test_stage_execution.TwoBoundJobsTraverseServingAndCorrection.test_real_B_consumer_judges_frozen_reports_and_completes_both_jobs)
----------------------------------------------------------------------
Traceback (most recent call last):
  File "/home/sl/src/baton/v12/python/tests/tools/test_stage_execution.py", line 7107, in test_real_B_consumer_judges_frozen_reports_and_completes_both_jobs
    held, deployment, result_id, result = self.pending_judgments()
                                          ~~~~~~~~~~~~~~~~~~~~~~^^
  File "/home/sl/src/baton/v12/python/tests/tools/test_stage_execution.py", line 7086, in pending_judgments
    held = self.integrating(result_judgment_workers=self.judgment_workers())
  File "/home/sl/src/baton/v12/python/tests/tools/test_stage_execution.py", line 8784, in integrating
    held = self.both_accepted(**members)
  File "/home/sl/src/baton/v12/python/tests/tools/test_stage_execution.py", line 7998, in both_accepted
    held.first_review = self.accepted(
                        ~~~~~~~~~~~~~^
        held, "job-a", "implementation-worker", "review-worker",
        ^^^^^^^^^^^^^^^^^^^^^^^^^^^^^^^^^^^^^^^^^^^^^^^^^^^^^^^^
        held.first, "print('the first job answered')\n")
        ^^^^^^^^^^^^^^^^^^^^^^^^^^^^^^^^^^^^^^^^^^^^^^^^
  File "/home/sl/src/baton/v12/python/tests/tools/test_stage_execution.py", line 6924, in accepted
    self.produced(held, job_id, attempt_id, body, edits=edits)
    ~~~~~~~~~~~~~^^^^^^^^^^^^^^^^^^^^^^^^^^^^^^^^^^^^^^^^^^^^^
  File "/home/sl/src/baton/v12/python/tests/tools/test_stage_execution.py", line 6905, in produced
    self.turn(held.control, "implementation", attempt_id,
    ~~~~~~~~~^^^^^^^^^^^^^^^^^^^^^^^^^^^^^^^^^^^^^^^^^^^^
              self.mounted_at(held.composed, attempt_id),
              ^^^^^^^^^^^^^^^^^^^^^^^^^^^^^^^^^^^^^^^^^^^
              edits=edits or {"harness.py": body}), 0)
              ^^^^^^^^^^^^^^^^^^^^^^^^^^^^^^^^^^^^
  File "/home/sl/src/baton/v12/python/tests/tools/test_stage_execution.py", line 2699, in turn
    delivered = launch.adopt(
        self.config["launch_home"], attempt_id=attempt_id,
    ...<2 lines>...
        transport=exchange.EXCHANGE_TRANSPORT,
        workspace_group=single_worker.configured_workspace_group(control))
  File "/home/sl/src/baton/v12/python/src/baton_v12/worker_manager/launch.py", line 738, in adopt
    _denied(f"attempt {name_value(attempt)}'s launch document is not the "
    ~~~~~~~^^^^^^^^^^^^^^^^^^^^^^^^^^^^^^^^^^^^^^^^^^^^^^^^^^^^^^^^^^^^^^^
            f"one this manager would have written for it; a document that "
            ^^^^^^^^^^^^^^^^^^^^^^^^^^^^^^^^^^^^^^^^^^^^^^^^^^^^^^^^^^^^^^^
            f"is merely well formed proves which KIND of thing it is and "
            ^^^^^^^^^^^^^^^^^^^^^^^^^^^^^^^^^^^^^^^^^^^^^^^^^^^^^^^^^^^^^^
            f"not which delivery")
            ^^^^^^^^^^^^^^^^^^^^^^
  File "/home/sl/src/baton/v12/python/src/baton_v12/worker_manager/launch.py", line 214, in _denied
    raise ContractRefusal("policy", "denied", message)
baton_v12.contracts.errors.ContractRefusal: attempt 'attempt-7b5e070a732d64a31d8830d12147471913947786b9a59376be1…'s launch document is not the one this manager would have written for it; a document that is merely well formed proves which KIND of thing it is and not which delivery

======================================================================
ERROR: test_rejected_derived_judgment_cannot_authorize_import (tests.tools.test_stage_execution.TwoBoundJobsTraverseServingAndCorrection.test_rejected_derived_judgment_cannot_authorize_import)
----------------------------------------------------------------------
Traceback (most recent call last):
  File "/home/sl/src/baton/v12/python/tests/tools/test_stage_execution.py", line 7145, in test_rejected_derived_judgment_cannot_authorize_import
    held, deployment, result_id, result = self.pending_judgments()
                                          ~~~~~~~~~~~~~~~~~~~~~~^^
  File "/home/sl/src/baton/v12/python/tests/tools/test_stage_execution.py", line 7086, in pending_judgments
    held = self.integrating(result_judgment_workers=self.judgment_workers())
  File "/home/sl/src/baton/v12/python/tests/tools/test_stage_execution.py", line 8784, in integrating
    held = self.both_accepted(**members)
  File "/home/sl/src/baton/v12/python/tests/tools/test_stage_execution.py", line 7998, in both_accepted
    held.first_review = self.accepted(
                        ~~~~~~~~~~~~~^
        held, "job-a", "implementation-worker", "review-worker",
        ^^^^^^^^^^^^^^^^^^^^^^^^^^^^^^^^^^^^^^^^^^^^^^^^^^^^^^^^
        held.first, "print('the first job answered')\n")
        ^^^^^^^^^^^^^^^^^^^^^^^^^^^^^^^^^^^^^^^^^^^^^^^^
  File "/home/sl/src/baton/v12/python/tests/tools/test_stage_execution.py", line 6924, in accepted
    self.produced(held, job_id, attempt_id, body, edits=edits)
    ~~~~~~~~~~~~~^^^^^^^^^^^^^^^^^^^^^^^^^^^^^^^^^^^^^^^^^^^^^
  File "/home/sl/src/baton/v12/python/tests/tools/test_stage_execution.py", line 6905, in produced
    self.turn(held.control, "implementation", attempt_id,
    ~~~~~~~~~^^^^^^^^^^^^^^^^^^^^^^^^^^^^^^^^^^^^^^^^^^^^
              self.mounted_at(held.composed, attempt_id),
              ^^^^^^^^^^^^^^^^^^^^^^^^^^^^^^^^^^^^^^^^^^^
              edits=edits or {"harness.py": body}), 0)
              ^^^^^^^^^^^^^^^^^^^^^^^^^^^^^^^^^^^^
  File "/home/sl/src/baton/v12/python/tests/tools/test_stage_execution.py", line 2699, in turn
    delivered = launch.adopt(
        self.config["launch_home"], attempt_id=attempt_id,
    ...<2 lines>...
        transport=exchange.EXCHANGE_TRANSPORT,
        workspace_group=single_worker.configured_workspace_group(control))
  File "/home/sl/src/baton/v12/python/src/baton_v12/worker_manager/launch.py", line 738, in adopt
    _denied(f"attempt {name_value(attempt)}'s launch document is not the "
    ~~~~~~~^^^^^^^^^^^^^^^^^^^^^^^^^^^^^^^^^^^^^^^^^^^^^^^^^^^^^^^^^^^^^^^
            f"one this manager would have written for it; a document that "
            ^^^^^^^^^^^^^^^^^^^^^^^^^^^^^^^^^^^^^^^^^^^^^^^^^^^^^^^^^^^^^^^
            f"is merely well formed proves which KIND of thing it is and "
            ^^^^^^^^^^^^^^^^^^^^^^^^^^^^^^^^^^^^^^^^^^^^^^^^^^^^^^^^^^^^^^
            f"not which delivery")
            ^^^^^^^^^^^^^^^^^^^^^^
  File "/home/sl/src/baton/v12/python/src/baton_v12/worker_manager/launch.py", line 214, in _denied
    raise ContractRefusal("policy", "denied", message)
baton_v12.contracts.errors.ContractRefusal: attempt 'attempt-7b5e070a732d64a31d8830d12147471913947786b9a59376be1…'s launch document is not the one this manager would have written for it; a document that is merely well formed proves which KIND of thing it is and not which delivery

======================================================================
ERROR: test_the_constructed_port_is_the_same_one_through_completion (tests.tools.test_stage_execution.TwoBoundJobsTraverseServingAndCorrection.test_the_constructed_port_is_the_same_one_through_completion)
W103068: ONE CAPACITY FOR ONE JOB'S INTEGRATION, end to end.
----------------------------------------------------------------------
Traceback (most recent call last):
  File "/home/sl/src/baton/v12/python/tests/tools/test_stage_execution.py", line 7648, in test_the_constructed_port_is_the_same_one_through_completion
    held = self.integrating()
  File "/home/sl/src/baton/v12/python/tests/tools/test_stage_execution.py", line 8784, in integrating
    held = self.both_accepted(**members)
  File "/home/sl/src/baton/v12/python/tests/tools/test_stage_execution.py", line 7998, in both_accepted
    held.first_review = self.accepted(
                        ~~~~~~~~~~~~~^
        held, "job-a", "implementation-worker", "review-worker",
        ^^^^^^^^^^^^^^^^^^^^^^^^^^^^^^^^^^^^^^^^^^^^^^^^^^^^^^^^
        held.first, "print('the first job answered')\n")
        ^^^^^^^^^^^^^^^^^^^^^^^^^^^^^^^^^^^^^^^^^^^^^^^^
  File "/home/sl/src/baton/v12/python/tests/tools/test_stage_execution.py", line 6924, in accepted
    self.produced(held, job_id, attempt_id, body, edits=edits)
    ~~~~~~~~~~~~~^^^^^^^^^^^^^^^^^^^^^^^^^^^^^^^^^^^^^^^^^^^^^
  File "/home/sl/src/baton/v12/python/tests/tools/test_stage_execution.py", line 6905, in produced
    self.turn(held.control, "implementation", attempt_id,
    ~~~~~~~~~^^^^^^^^^^^^^^^^^^^^^^^^^^^^^^^^^^^^^^^^^^^^
              self.mounted_at(held.composed, attempt_id),
              ^^^^^^^^^^^^^^^^^^^^^^^^^^^^^^^^^^^^^^^^^^^
              edits=edits or {"harness.py": body}), 0)
              ^^^^^^^^^^^^^^^^^^^^^^^^^^^^^^^^^^^^
  File "/home/sl/src/baton/v12/python/tests/tools/test_stage_execution.py", line 2699, in turn
    delivered = launch.adopt(
        self.config["launch_home"], attempt_id=attempt_id,
    ...<2 lines>...
        transport=exchange.EXCHANGE_TRANSPORT,
        workspace_group=single_worker.configured_workspace_group(control))
  File "/home/sl/src/baton/v12/python/src/baton_v12/worker_manager/launch.py", line 738, in adopt
    _denied(f"attempt {name_value(attempt)}'s launch document is not the "
    ~~~~~~~^^^^^^^^^^^^^^^^^^^^^^^^^^^^^^^^^^^^^^^^^^^^^^^^^^^^^^^^^^^^^^^
            f"one this manager would have written for it; a document that "
            ^^^^^^^^^^^^^^^^^^^^^^^^^^^^^^^^^^^^^^^^^^^^^^^^^^^^^^^^^^^^^^^
            f"is merely well formed proves which KIND of thing it is and "
            ^^^^^^^^^^^^^^^^^^^^^^^^^^^^^^^^^^^^^^^^^^^^^^^^^^^^^^^^^^^^^^
            f"not which delivery")
            ^^^^^^^^^^^^^^^^^^^^^^
  File "/home/sl/src/baton/v12/python/src/baton_v12/worker_manager/launch.py", line 214, in _denied
    raise ContractRefusal("policy", "denied", message)
baton_v12.contracts.errors.ContractRefusal: attempt 'attempt-7b5e070a732d64a31d8830d12147471913947786b9a59376be1…'s launch document is not the one this manager would have written for it; a document that is merely well formed proves which KIND of thing it is and not which delivery

======================================================================
ERROR: test_the_direct_integration_finalizes_the_dedicated_target (tests.tools.test_stage_execution.TwoBoundJobsTraverseServingAndCorrection.test_the_direct_integration_finalizes_the_dedicated_target)
W133129, owner return137905: the transition the witness FOUND
----------------------------------------------------------------------
Traceback (most recent call last):
  File "/home/sl/src/baton/v12/python/tests/tools/test_stage_execution.py", line 8391, in test_the_direct_integration_finalizes_the_dedicated_target
    held = self.integrating()
  File "/home/sl/src/baton/v12/python/tests/tools/test_stage_execution.py", line 8784, in integrating
    held = self.both_accepted(**members)
  File "/home/sl/src/baton/v12/python/tests/tools/test_stage_execution.py", line 7998, in both_accepted
    held.first_review = self.accepted(
                        ~~~~~~~~~~~~~^
        held, "job-a", "implementation-worker", "review-worker",
        ^^^^^^^^^^^^^^^^^^^^^^^^^^^^^^^^^^^^^^^^^^^^^^^^^^^^^^^^
        held.first, "print('the first job answered')\n")
        ^^^^^^^^^^^^^^^^^^^^^^^^^^^^^^^^^^^^^^^^^^^^^^^^
  File "/home/sl/src/baton/v12/python/tests/tools/test_stage_execution.py", line 6924, in accepted
    self.produced(held, job_id, attempt_id, body, edits=edits)
    ~~~~~~~~~~~~~^^^^^^^^^^^^^^^^^^^^^^^^^^^^^^^^^^^^^^^^^^^^^
  File "/home/sl/src/baton/v12/python/tests/tools/test_stage_execution.py", line 6905, in produced
    self.turn(held.control, "implementation", attempt_id,
    ~~~~~~~~~^^^^^^^^^^^^^^^^^^^^^^^^^^^^^^^^^^^^^^^^^^^^
              self.mounted_at(held.composed, attempt_id),
              ^^^^^^^^^^^^^^^^^^^^^^^^^^^^^^^^^^^^^^^^^^^
              edits=edits or {"harness.py": body}), 0)
              ^^^^^^^^^^^^^^^^^^^^^^^^^^^^^^^^^^^^
  File "/home/sl/src/baton/v12/python/tests/tools/test_stage_execution.py", line 2699, in turn
    delivered = launch.adopt(
        self.config["launch_home"], attempt_id=attempt_id,
    ...<2 lines>...
        transport=exchange.EXCHANGE_TRANSPORT,
        workspace_group=single_worker.configured_workspace_group(control))
  File "/home/sl/src/baton/v12/python/src/baton_v12/worker_manager/launch.py", line 738, in adopt
    _denied(f"attempt {name_value(attempt)}'s launch document is not the "
    ~~~~~~~^^^^^^^^^^^^^^^^^^^^^^^^^^^^^^^^^^^^^^^^^^^^^^^^^^^^^^^^^^^^^^^
            f"one this manager would have written for it; a document that "
            ^^^^^^^^^^^^^^^^^^^^^^^^^^^^^^^^^^^^^^^^^^^^^^^^^^^^^^^^^^^^^^^
            f"is merely well formed proves which KIND of thing it is and "
            ^^^^^^^^^^^^^^^^^^^^^^^^^^^^^^^^^^^^^^^^^^^^^^^^^^^^^^^^^^^^^^
            f"not which delivery")
            ^^^^^^^^^^^^^^^^^^^^^^
  File "/home/sl/src/baton/v12/python/src/baton_v12/worker_manager/launch.py", line 214, in _denied
    raise ContractRefusal("policy", "denied", message)
baton_v12.contracts.errors.ContractRefusal: attempt 'attempt-7b5e070a732d64a31d8830d12147471913947786b9a59376be1…'s launch document is not the one this manager would have written for it; a document that is merely well formed proves which KIND of thing it is and not which delivery

======================================================================
ERROR: test_the_judgment_subject_is_the_derived_candidate (tests.tools.test_stage_execution.TwoBoundJobsTraverseServingAndCorrection.test_the_judgment_subject_is_the_derived_candidate)
W103068: WHAT A JUDGE IS ASKED ABOUT, read from the coordinator's own
----------------------------------------------------------------------
Traceback (most recent call last):
  File "/home/sl/src/baton/v12/python/tests/tools/test_stage_execution.py", line 7356, in test_the_judgment_subject_is_the_derived_candidate
    held = self.integrating()
  File "/home/sl/src/baton/v12/python/tests/tools/test_stage_execution.py", line 8784, in integrating
    held = self.both_accepted(**members)
  File "/home/sl/src/baton/v12/python/tests/tools/test_stage_execution.py", line 7998, in both_accepted
    held.first_review = self.accepted(
                        ~~~~~~~~~~~~~^
        held, "job-a", "implementation-worker", "review-worker",
        ^^^^^^^^^^^^^^^^^^^^^^^^^^^^^^^^^^^^^^^^^^^^^^^^^^^^^^^^
        held.first, "print('the first job answered')\n")
        ^^^^^^^^^^^^^^^^^^^^^^^^^^^^^^^^^^^^^^^^^^^^^^^^
  File "/home/sl/src/baton/v12/python/tests/tools/test_stage_execution.py", line 6924, in accepted
    self.produced(held, job_id, attempt_id, body, edits=edits)
    ~~~~~~~~~~~~~^^^^^^^^^^^^^^^^^^^^^^^^^^^^^^^^^^^^^^^^^^^^^
  File "/home/sl/src/baton/v12/python/tests/tools/test_stage_execution.py", line 6905, in produced
    self.turn(held.control, "implementation", attempt_id,
    ~~~~~~~~~^^^^^^^^^^^^^^^^^^^^^^^^^^^^^^^^^^^^^^^^^^^^
              self.mounted_at(held.composed, attempt_id),
              ^^^^^^^^^^^^^^^^^^^^^^^^^^^^^^^^^^^^^^^^^^^
              edits=edits or {"harness.py": body}), 0)
              ^^^^^^^^^^^^^^^^^^^^^^^^^^^^^^^^^^^^
  File "/home/sl/src/baton/v12/python/tests/tools/test_stage_execution.py", line 2699, in turn
    delivered = launch.adopt(
        self.config["launch_home"], attempt_id=attempt_id,
    ...<2 lines>...
        transport=exchange.EXCHANGE_TRANSPORT,
        workspace_group=single_worker.configured_workspace_group(control))
  File "/home/sl/src/baton/v12/python/src/baton_v12/worker_manager/launch.py", line 738, in adopt
    _denied(f"attempt {name_value(attempt)}'s launch document is not the "
    ~~~~~~~^^^^^^^^^^^^^^^^^^^^^^^^^^^^^^^^^^^^^^^^^^^^^^^^^^^^^^^^^^^^^^^
            f"one this manager would have written for it; a document that "
            ^^^^^^^^^^^^^^^^^^^^^^^^^^^^^^^^^^^^^^^^^^^^^^^^^^^^^^^^^^^^^^^
            f"is merely well formed proves which KIND of thing it is and "
            ^^^^^^^^^^^^^^^^^^^^^^^^^^^^^^^^^^^^^^^^^^^^^^^^^^^^^^^^^^^^^^
            f"not which delivery")
            ^^^^^^^^^^^^^^^^^^^^^^
  File "/home/sl/src/baton/v12/python/src/baton_v12/worker_manager/launch.py", line 214, in _denied
    raise ContractRefusal("policy", "denied", message)
baton_v12.contracts.errors.ContractRefusal: attempt 'attempt-7b5e070a732d64a31d8830d12147471913947786b9a59376be1…'s launch document is not the one this manager would have written for it; a document that is merely well formed proves which KIND of thing it is and not which delivery

======================================================================
ERROR: test_the_second_job_reaches_its_own_reviewer_and_verdict (tests.tools.test_stage_execution.TwoBoundJobsTraverseServingAndCorrection.test_the_second_job_reaches_its_own_reviewer_and_verdict)
THE OTHER HALF OF THE OVERLAP, driven rather than assumed.
----------------------------------------------------------------------
Traceback (most recent call last):
  File "/home/sl/src/baton/v12/python/tests/tools/test_stage_execution.py", line 7969, in test_the_second_job_reaches_its_own_reviewer_and_verdict
    self.produced(held, "job-b", held.second,
    ~~~~~~~~~~~~~^^^^^^^^^^^^^^^^^^^^^^^^^^^^
                  "print('the second job answered')\n",
                  ^^^^^^^^^^^^^^^^^^^^^^^^^^^^^^^^^^^^^
                  edits={"feature.py": self.B_FEATURE,
                  ^^^^^^^^^^^^^^^^^^^^^^^^^^^^^^^^^^^^
                         "feature_check.py": self.B_CHECK})
                         ^^^^^^^^^^^^^^^^^^^^^^^^^^^^^^^^^^
  File "/home/sl/src/baton/v12/python/tests/tools/test_stage_execution.py", line 6905, in produced
    self.turn(held.control, "implementation", attempt_id,
    ~~~~~~~~~^^^^^^^^^^^^^^^^^^^^^^^^^^^^^^^^^^^^^^^^^^^^
              self.mounted_at(held.composed, attempt_id),
              ^^^^^^^^^^^^^^^^^^^^^^^^^^^^^^^^^^^^^^^^^^^
              edits=edits or {"harness.py": body}), 0)
              ^^^^^^^^^^^^^^^^^^^^^^^^^^^^^^^^^^^^
  File "/home/sl/src/baton/v12/python/tests/tools/test_stage_execution.py", line 2699, in turn
    delivered = launch.adopt(
        self.config["launch_home"], attempt_id=attempt_id,
    ...<2 lines>...
        transport=exchange.EXCHANGE_TRANSPORT,
        workspace_group=single_worker.configured_workspace_group(control))
  File "/home/sl/src/baton/v12/python/src/baton_v12/worker_manager/launch.py", line 738, in adopt
    _denied(f"attempt {name_value(attempt)}'s launch document is not the "
    ~~~~~~~^^^^^^^^^^^^^^^^^^^^^^^^^^^^^^^^^^^^^^^^^^^^^^^^^^^^^^^^^^^^^^^
            f"one this manager would have written for it; a document that "
            ^^^^^^^^^^^^^^^^^^^^^^^^^^^^^^^^^^^^^^^^^^^^^^^^^^^^^^^^^^^^^^^
            f"is merely well formed proves which KIND of thing it is and "
            ^^^^^^^^^^^^^^^^^^^^^^^^^^^^^^^^^^^^^^^^^^^^^^^^^^^^^^^^^^^^^^
            f"not which delivery")
            ^^^^^^^^^^^^^^^^^^^^^^
  File "/home/sl/src/baton/v12/python/src/baton_v12/worker_manager/launch.py", line 214, in _denied
    raise ContractRefusal("policy", "denied", message)
baton_v12.contracts.errors.ContractRefusal: attempt 'attempt-32e40136cfde1b283a9f8ccfa354ec4d268b64ddffe3dd9c41b…'s launch document is not the one this manager would have written for it; a document that is merely well formed proves which KIND of thing it is and not which delivery

======================================================================
ERROR: test_the_second_jobs_published_proposal_survives_the_advance (tests.tools.test_stage_execution.TwoBoundJobsTraverseServingAndCorrection.test_the_second_jobs_published_proposal_survives_the_advance)
W133129: THE FIRST HALF OF THE BOUNDARY THIS TRAVERSAL FOUND.
----------------------------------------------------------------------
Traceback (most recent call last):
  File "/home/sl/src/baton/v12/python/tests/tools/test_stage_execution.py", line 8317, in test_the_second_jobs_published_proposal_survives_the_advance
    held = self.integrating()
  File "/home/sl/src/baton/v12/python/tests/tools/test_stage_execution.py", line 8784, in integrating
    held = self.both_accepted(**members)
  File "/home/sl/src/baton/v12/python/tests/tools/test_stage_execution.py", line 7998, in both_accepted
    held.first_review = self.accepted(
                        ~~~~~~~~~~~~~^
        held, "job-a", "implementation-worker", "review-worker",
        ^^^^^^^^^^^^^^^^^^^^^^^^^^^^^^^^^^^^^^^^^^^^^^^^^^^^^^^^
        held.first, "print('the first job answered')\n")
        ^^^^^^^^^^^^^^^^^^^^^^^^^^^^^^^^^^^^^^^^^^^^^^^^
  File "/home/sl/src/baton/v12/python/tests/tools/test_stage_execution.py", line 6924, in accepted
    self.produced(held, job_id, attempt_id, body, edits=edits)
    ~~~~~~~~~~~~~^^^^^^^^^^^^^^^^^^^^^^^^^^^^^^^^^^^^^^^^^^^^^
  File "/home/sl/src/baton/v12/python/tests/tools/test_stage_execution.py", line 6905, in produced
    self.turn(held.control, "implementation", attempt_id,
    ~~~~~~~~~^^^^^^^^^^^^^^^^^^^^^^^^^^^^^^^^^^^^^^^^^^^^
              self.mounted_at(held.composed, attempt_id),
              ^^^^^^^^^^^^^^^^^^^^^^^^^^^^^^^^^^^^^^^^^^^
              edits=edits or {"harness.py": body}), 0)
              ^^^^^^^^^^^^^^^^^^^^^^^^^^^^^^^^^^^^
  File "/home/sl/src/baton/v12/python/tests/tools/test_stage_execution.py", line 2699, in turn
    delivered = launch.adopt(
        self.config["launch_home"], attempt_id=attempt_id,
    ...<2 lines>...
        transport=exchange.EXCHANGE_TRANSPORT,
        workspace_group=single_worker.configured_workspace_group(control))
  File "/home/sl/src/baton/v12/python/src/baton_v12/worker_manager/launch.py", line 738, in adopt
    _denied(f"attempt {name_value(attempt)}'s launch document is not the "
    ~~~~~~~^^^^^^^^^^^^^^^^^^^^^^^^^^^^^^^^^^^^^^^^^^^^^^^^^^^^^^^^^^^^^^^
            f"one this manager would have written for it; a document that "
            ^^^^^^^^^^^^^^^^^^^^^^^^^^^^^^^^^^^^^^^^^^^^^^^^^^^^^^^^^^^^^^^
            f"is merely well formed proves which KIND of thing it is and "
            ^^^^^^^^^^^^^^^^^^^^^^^^^^^^^^^^^^^^^^^^^^^^^^^^^^^^^^^^^^^^^^
            f"not which delivery")
            ^^^^^^^^^^^^^^^^^^^^^^
  File "/home/sl/src/baton/v12/python/src/baton_v12/worker_manager/launch.py", line 214, in _denied
    raise ContractRefusal("policy", "denied", message)
baton_v12.contracts.errors.ContractRefusal: attempt 'attempt-7b5e070a732d64a31d8830d12147471913947786b9a59376be1…'s launch document is not the one this manager would have written for it; a document that is merely well formed proves which KIND of thing it is and not which delivery

======================================================================
ERROR: test_two_accepted_jobs_share_one_integrator_one_at_a_time (tests.tools.test_stage_execution.TwoBoundJobsTraverseServingAndCorrection.test_two_accepted_jobs_share_one_integrator_one_at_a_time)
SAME-TARGET SERIALIZATION, measured where the owners decide it.
----------------------------------------------------------------------
Traceback (most recent call last):
  File "/home/sl/src/baton/v12/python/tests/tools/test_stage_execution.py", line 8018, in test_two_accepted_jobs_share_one_integrator_one_at_a_time
    held = self.both_accepted()
  File "/home/sl/src/baton/v12/python/tests/tools/test_stage_execution.py", line 7998, in both_accepted
    held.first_review = self.accepted(
                        ~~~~~~~~~~~~~^
        held, "job-a", "implementation-worker", "review-worker",
        ^^^^^^^^^^^^^^^^^^^^^^^^^^^^^^^^^^^^^^^^^^^^^^^^^^^^^^^^
        held.first, "print('the first job answered')\n")
        ^^^^^^^^^^^^^^^^^^^^^^^^^^^^^^^^^^^^^^^^^^^^^^^^
  File "/home/sl/src/baton/v12/python/tests/tools/test_stage_execution.py", line 6924, in accepted
    self.produced(held, job_id, attempt_id, body, edits=edits)
    ~~~~~~~~~~~~~^^^^^^^^^^^^^^^^^^^^^^^^^^^^^^^^^^^^^^^^^^^^^
  File "/home/sl/src/baton/v12/python/tests/tools/test_stage_execution.py", line 6905, in produced
    self.turn(held.control, "implementation", attempt_id,
    ~~~~~~~~~^^^^^^^^^^^^^^^^^^^^^^^^^^^^^^^^^^^^^^^^^^^^
              self.mounted_at(held.composed, attempt_id),
              ^^^^^^^^^^^^^^^^^^^^^^^^^^^^^^^^^^^^^^^^^^^
              edits=edits or {"harness.py": body}), 0)
              ^^^^^^^^^^^^^^^^^^^^^^^^^^^^^^^^^^^^
  File "/home/sl/src/baton/v12/python/tests/tools/test_stage_execution.py", line 2699, in turn
    delivered = launch.adopt(
        self.config["launch_home"], attempt_id=attempt_id,
    ...<2 lines>...
        transport=exchange.EXCHANGE_TRANSPORT,
        workspace_group=single_worker.configured_workspace_group(control))
  File "/home/sl/src/baton/v12/python/src/baton_v12/worker_manager/launch.py", line 738, in adopt
    _denied(f"attempt {name_value(attempt)}'s launch document is not the "
    ~~~~~~~^^^^^^^^^^^^^^^^^^^^^^^^^^^^^^^^^^^^^^^^^^^^^^^^^^^^^^^^^^^^^^^
            f"one this manager would have written for it; a document that "
            ^^^^^^^^^^^^^^^^^^^^^^^^^^^^^^^^^^^^^^^^^^^^^^^^^^^^^^^^^^^^^^^
            f"is merely well formed proves which KIND of thing it is and "
            ^^^^^^^^^^^^^^^^^^^^^^^^^^^^^^^^^^^^^^^^^^^^^^^^^^^^^^^^^^^^^^
            f"not which delivery")
            ^^^^^^^^^^^^^^^^^^^^^^
  File "/home/sl/src/baton/v12/python/src/baton_v12/worker_manager/launch.py", line 214, in _denied
    raise ContractRefusal("policy", "denied", message)
baton_v12.contracts.errors.ContractRefusal: attempt 'attempt-7b5e070a732d64a31d8830d12147471913947786b9a59376be1…'s launch document is not the one this manager would have written for it; a document that is merely well formed proves which KIND of thing it is and not which delivery

======================================================================
ERROR: test_unusable_judge_report_cannot_authorize_derived_receipts (tests.tools.test_stage_execution.TwoBoundJobsTraverseServingAndCorrection.test_unusable_judge_report_cannot_authorize_derived_receipts)
----------------------------------------------------------------------
Traceback (most recent call last):
  File "/home/sl/src/baton/v12/python/tests/tools/test_stage_execution.py", line 7156, in test_unusable_judge_report_cannot_authorize_derived_receipts
    held, deployment, result_id, result = self.pending_judgments()
                                          ~~~~~~~~~~~~~~~~~~~~~~^^
  File "/home/sl/src/baton/v12/python/tests/tools/test_stage_execution.py", line 7086, in pending_judgments
    held = self.integrating(result_judgment_workers=self.judgment_workers())
  File "/home/sl/src/baton/v12/python/tests/tools/test_stage_execution.py", line 8784, in integrating
    held = self.both_accepted(**members)
  File "/home/sl/src/baton/v12/python/tests/tools/test_stage_execution.py", line 7998, in both_accepted
    held.first_review = self.accepted(
                        ~~~~~~~~~~~~~^
        held, "job-a", "implementation-worker", "review-worker",
        ^^^^^^^^^^^^^^^^^^^^^^^^^^^^^^^^^^^^^^^^^^^^^^^^^^^^^^^^
        held.first, "print('the first job answered')\n")
        ^^^^^^^^^^^^^^^^^^^^^^^^^^^^^^^^^^^^^^^^^^^^^^^^
  File "/home/sl/src/baton/v12/python/tests/tools/test_stage_execution.py", line 6924, in accepted
    self.produced(held, job_id, attempt_id, body, edits=edits)
    ~~~~~~~~~~~~~^^^^^^^^^^^^^^^^^^^^^^^^^^^^^^^^^^^^^^^^^^^^^
  File "/home/sl/src/baton/v12/python/tests/tools/test_stage_execution.py", line 6905, in produced
    self.turn(held.control, "implementation", attempt_id,
    ~~~~~~~~~^^^^^^^^^^^^^^^^^^^^^^^^^^^^^^^^^^^^^^^^^^^^
              self.mounted_at(held.composed, attempt_id),
              ^^^^^^^^^^^^^^^^^^^^^^^^^^^^^^^^^^^^^^^^^^^
              edits=edits or {"harness.py": body}), 0)
              ^^^^^^^^^^^^^^^^^^^^^^^^^^^^^^^^^^^^
  File "/home/sl/src/baton/v12/python/tests/tools/test_stage_execution.py", line 2699, in turn
    delivered = launch.adopt(
        self.config["launch_home"], attempt_id=attempt_id,
    ...<2 lines>...
        transport=exchange.EXCHANGE_TRANSPORT,
        workspace_group=single_worker.configured_workspace_group(control))
  File "/home/sl/src/baton/v12/python/src/baton_v12/worker_manager/launch.py", line 738, in adopt
    _denied(f"attempt {name_value(attempt)}'s launch document is not the "
    ~~~~~~~^^^^^^^^^^^^^^^^^^^^^^^^^^^^^^^^^^^^^^^^^^^^^^^^^^^^^^^^^^^^^^^
            f"one this manager would have written for it; a document that "
            ^^^^^^^^^^^^^^^^^^^^^^^^^^^^^^^^^^^^^^^^^^^^^^^^^^^^^^^^^^^^^^^
            f"is merely well formed proves which KIND of thing it is and "
            ^^^^^^^^^^^^^^^^^^^^^^^^^^^^^^^^^^^^^^^^^^^^^^^^^^^^^^^^^^^^^^
            f"not which delivery")
            ^^^^^^^^^^^^^^^^^^^^^^
  File "/home/sl/src/baton/v12/python/src/baton_v12/worker_manager/launch.py", line 214, in _denied
    raise ContractRefusal("policy", "denied", message)
baton_v12.contracts.errors.ContractRefusal: attempt 'attempt-7b5e070a732d64a31d8830d12147471913947786b9a59376be1…'s launch document is not the one this manager would have written for it; a document that is merely well formed proves which KIND of thing it is and not which delivery

======================================================================
ERROR: test_a_running_or_foreign_selection_recovers_nothing (tests.tools.test_stage_execution.UnfinishedWorkIsFencedBeforeAnythingRepeatsIt.test_a_running_or_foreign_selection_recovers_nothing)
The accepted owners' own refusals, reached through this fixture.
----------------------------------------------------------------------
Traceback (most recent call last):
  File "/home/sl/src/baton/v12/python/tests/tools/test_stage_execution.py", line 4772, in test_a_running_or_foreign_selection_recovers_nothing
    held = self.started_correction(self.committed_handoff())
                                   ~~~~~~~~~~~~~~~~~~~~~~^^
  File "/home/sl/src/baton/v12/python/tests/tools/test_stage_execution.py", line 4398, in committed_handoff
    held = self.reviewed(verdict="changes-requested")
  File "/home/sl/src/baton/v12/python/tests/tools/test_stage_execution.py", line 3403, in reviewed
    held = self.implemented()
  File "/home/sl/src/baton/v12/python/tests/tools/test_stage_execution.py", line 2780, in implemented
    self.turn(control, "implementation", attempt_id, roots,
    ~~~~~~~~~^^^^^^^^^^^^^^^^^^^^^^^^^^^^^^^^^^^^^^^^^^^^^^
              **operands), 0)
              ^^^^^^^^^^^
  File "/home/sl/src/baton/v12/python/tests/tools/test_stage_execution.py", line 2699, in turn
    delivered = launch.adopt(
        self.config["launch_home"], attempt_id=attempt_id,
    ...<2 lines>...
        transport=exchange.EXCHANGE_TRANSPORT,
        workspace_group=single_worker.configured_workspace_group(control))
  File "/home/sl/src/baton/v12/python/src/baton_v12/worker_manager/launch.py", line 738, in adopt
    _denied(f"attempt {name_value(attempt)}'s launch document is not the "
    ~~~~~~~^^^^^^^^^^^^^^^^^^^^^^^^^^^^^^^^^^^^^^^^^^^^^^^^^^^^^^^^^^^^^^^
            f"one this manager would have written for it; a document that "
            ^^^^^^^^^^^^^^^^^^^^^^^^^^^^^^^^^^^^^^^^^^^^^^^^^^^^^^^^^^^^^^^
            f"is merely well formed proves which KIND of thing it is and "
            ^^^^^^^^^^^^^^^^^^^^^^^^^^^^^^^^^^^^^^^^^^^^^^^^^^^^^^^^^^^^^^
            f"not which delivery")
            ^^^^^^^^^^^^^^^^^^^^^^
  File "/home/sl/src/baton/v12/python/src/baton_v12/worker_manager/launch.py", line 214, in _denied
    raise ContractRefusal("policy", "denied", message)
baton_v12.contracts.errors.ContractRefusal: attempt 'attempt-7b5e070a732d64a31d8830d12147471913947786b9a59376be1…'s launch document is not the one this manager would have written for it; a document that is merely well formed proves which KIND of thing it is and not which delivery

======================================================================
ERROR: test_an_unrecovered_declaration_still_reaches_no_assignment (tests.tools.test_stage_execution.UnfinishedWorkIsFencedBeforeAnythingRepeatsIt.test_an_unrecovered_declaration_still_reaches_no_assignment)
THE NEGATIVE THAT WAS THIS CASE'S WHOLE POINT, kept: without the
----------------------------------------------------------------------
Traceback (most recent call last):
  File "/home/sl/src/baton/v12/python/tests/tools/test_stage_execution.py", line 4750, in test_an_unrecovered_declaration_still_reaches_no_assignment
    held = self.started_correction(self.committed_handoff())
                                   ~~~~~~~~~~~~~~~~~~~~~~^^
  File "/home/sl/src/baton/v12/python/tests/tools/test_stage_execution.py", line 4398, in committed_handoff
    held = self.reviewed(verdict="changes-requested")
  File "/home/sl/src/baton/v12/python/tests/tools/test_stage_execution.py", line 3403, in reviewed
    held = self.implemented()
  File "/home/sl/src/baton/v12/python/tests/tools/test_stage_execution.py", line 2780, in implemented
    self.turn(control, "implementation", attempt_id, roots,
    ~~~~~~~~~^^^^^^^^^^^^^^^^^^^^^^^^^^^^^^^^^^^^^^^^^^^^^^
              **operands), 0)
              ^^^^^^^^^^^
  File "/home/sl/src/baton/v12/python/tests/tools/test_stage_execution.py", line 2699, in turn
    delivered = launch.adopt(
        self.config["launch_home"], attempt_id=attempt_id,
    ...<2 lines>...
        transport=exchange.EXCHANGE_TRANSPORT,
        workspace_group=single_worker.configured_workspace_group(control))
  File "/home/sl/src/baton/v12/python/src/baton_v12/worker_manager/launch.py", line 738, in adopt
    _denied(f"attempt {name_value(attempt)}'s launch document is not the "
    ~~~~~~~^^^^^^^^^^^^^^^^^^^^^^^^^^^^^^^^^^^^^^^^^^^^^^^^^^^^^^^^^^^^^^^
            f"one this manager would have written for it; a document that "
            ^^^^^^^^^^^^^^^^^^^^^^^^^^^^^^^^^^^^^^^^^^^^^^^^^^^^^^^^^^^^^^^
            f"is merely well formed proves which KIND of thing it is and "
            ^^^^^^^^^^^^^^^^^^^^^^^^^^^^^^^^^^^^^^^^^^^^^^^^^^^^^^^^^^^^^^
            f"not which delivery")
            ^^^^^^^^^^^^^^^^^^^^^^
  File "/home/sl/src/baton/v12/python/src/baton_v12/worker_manager/launch.py", line 214, in _denied
    raise ContractRefusal("policy", "denied", message)
baton_v12.contracts.errors.ContractRefusal: attempt 'attempt-7b5e070a732d64a31d8830d12147471913947786b9a59376be1…'s launch document is not the one this manager would have written for it; a document that is merely well formed proves which KIND of thing it is and not which delivery

======================================================================
ERROR: test_the_abandoned_scratch_reaches_no_proposal (tests.tools.test_stage_execution.UnfinishedWorkIsFencedBeforeAnythingRepeatsIt.test_the_abandoned_scratch_reaches_no_proposal)
WHAT THE ABANDONED WORKER WROTE IS LEFT UNTRUSTED AND UNUSED.
----------------------------------------------------------------------
Traceback (most recent call last):
  File "/home/sl/src/baton/v12/python/tests/tools/test_stage_execution.py", line 4575, in test_the_abandoned_scratch_reaches_no_proposal
    held = self.started_correction(self.committed_handoff())
                                   ~~~~~~~~~~~~~~~~~~~~~~^^
  File "/home/sl/src/baton/v12/python/tests/tools/test_stage_execution.py", line 4398, in committed_handoff
    held = self.reviewed(verdict="changes-requested")
  File "/home/sl/src/baton/v12/python/tests/tools/test_stage_execution.py", line 3403, in reviewed
    held = self.implemented()
  File "/home/sl/src/baton/v12/python/tests/tools/test_stage_execution.py", line 2780, in implemented
    self.turn(control, "implementation", attempt_id, roots,
    ~~~~~~~~~^^^^^^^^^^^^^^^^^^^^^^^^^^^^^^^^^^^^^^^^^^^^^^
              **operands), 0)
              ^^^^^^^^^^^
  File "/home/sl/src/baton/v12/python/tests/tools/test_stage_execution.py", line 2699, in turn
    delivered = launch.adopt(
        self.config["launch_home"], attempt_id=attempt_id,
    ...<2 lines>...
        transport=exchange.EXCHANGE_TRANSPORT,
        workspace_group=single_worker.configured_workspace_group(control))
  File "/home/sl/src/baton/v12/python/src/baton_v12/worker_manager/launch.py", line 738, in adopt
    _denied(f"attempt {name_value(attempt)}'s launch document is not the "
    ~~~~~~~^^^^^^^^^^^^^^^^^^^^^^^^^^^^^^^^^^^^^^^^^^^^^^^^^^^^^^^^^^^^^^^
            f"one this manager would have written for it; a document that "
            ^^^^^^^^^^^^^^^^^^^^^^^^^^^^^^^^^^^^^^^^^^^^^^^^^^^^^^^^^^^^^^^
            f"is merely well formed proves which KIND of thing it is and "
            ^^^^^^^^^^^^^^^^^^^^^^^^^^^^^^^^^^^^^^^^^^^^^^^^^^^^^^^^^^^^^^
            f"not which delivery")
            ^^^^^^^^^^^^^^^^^^^^^^
  File "/home/sl/src/baton/v12/python/src/baton_v12/worker_manager/launch.py", line 214, in _denied
    raise ContractRefusal("policy", "denied", message)
baton_v12.contracts.errors.ContractRefusal: attempt 'attempt-7b5e070a732d64a31d8830d12147471913947786b9a59376be1…'s launch document is not the one this manager would have written for it; a document that is merely well formed proves which KIND of thing it is and not which delivery

======================================================================
ERROR: test_the_committed_effects_the_declaration_crossed_are_all_intact (tests.tools.test_stage_execution.UnfinishedWorkIsFencedBeforeAnythingRepeatsIt.test_the_committed_effects_the_declaration_crossed_are_all_intact)
REPEATED COMPUTATION IS PERMITTED; COMMITTED EFFECT IS NOT REDONE.
----------------------------------------------------------------------
Traceback (most recent call last):
  File "/home/sl/src/baton/v12/python/tests/tools/test_stage_execution.py", line 4556, in test_the_committed_effects_the_declaration_crossed_are_all_intact
    held = self.started_correction(self.committed_handoff())
                                   ~~~~~~~~~~~~~~~~~~~~~~^^
  File "/home/sl/src/baton/v12/python/tests/tools/test_stage_execution.py", line 4398, in committed_handoff
    held = self.reviewed(verdict="changes-requested")
  File "/home/sl/src/baton/v12/python/tests/tools/test_stage_execution.py", line 3403, in reviewed
    held = self.implemented()
  File "/home/sl/src/baton/v12/python/tests/tools/test_stage_execution.py", line 2780, in implemented
    self.turn(control, "implementation", attempt_id, roots,
    ~~~~~~~~~^^^^^^^^^^^^^^^^^^^^^^^^^^^^^^^^^^^^^^^^^^^^^^
              **operands), 0)
              ^^^^^^^^^^^
  File "/home/sl/src/baton/v12/python/tests/tools/test_stage_execution.py", line 2699, in turn
    delivered = launch.adopt(
        self.config["launch_home"], attempt_id=attempt_id,
    ...<2 lines>...
        transport=exchange.EXCHANGE_TRANSPORT,
        workspace_group=single_worker.configured_workspace_group(control))
  File "/home/sl/src/baton/v12/python/src/baton_v12/worker_manager/launch.py", line 738, in adopt
    _denied(f"attempt {name_value(attempt)}'s launch document is not the "
    ~~~~~~~^^^^^^^^^^^^^^^^^^^^^^^^^^^^^^^^^^^^^^^^^^^^^^^^^^^^^^^^^^^^^^^
            f"one this manager would have written for it; a document that "
            ^^^^^^^^^^^^^^^^^^^^^^^^^^^^^^^^^^^^^^^^^^^^^^^^^^^^^^^^^^^^^^^
            f"is merely well formed proves which KIND of thing it is and "
            ^^^^^^^^^^^^^^^^^^^^^^^^^^^^^^^^^^^^^^^^^^^^^^^^^^^^^^^^^^^^^^
            f"not which delivery")
            ^^^^^^^^^^^^^^^^^^^^^^
  File "/home/sl/src/baton/v12/python/src/baton_v12/worker_manager/launch.py", line 214, in _denied
    raise ContractRefusal("policy", "denied", message)
baton_v12.contracts.errors.ContractRefusal: attempt 'attempt-7b5e070a732d64a31d8830d12147471913947786b9a59376be1…'s launch document is not the one this manager would have written for it; a document that is merely well formed proves which KIND of thing it is and not which delivery

======================================================================
ERROR: test_the_declaration_fences_the_generation_and_destroys_the_runtime (tests.tools.test_stage_execution.UnfinishedWorkIsFencedBeforeAnythingRepeatsIt.test_the_declaration_fences_the_generation_and_destroys_the_runtime)
STOP AND FENCE, read back off the owners rather than the answer.
----------------------------------------------------------------------
Traceback (most recent call last):
  File "/home/sl/src/baton/v12/python/tests/tools/test_stage_execution.py", line 4510, in test_the_declaration_fences_the_generation_and_destroys_the_runtime
    held = self.started_correction(self.committed_handoff())
                                   ~~~~~~~~~~~~~~~~~~~~~~^^
  File "/home/sl/src/baton/v12/python/tests/tools/test_stage_execution.py", line 4398, in committed_handoff
    held = self.reviewed(verdict="changes-requested")
  File "/home/sl/src/baton/v12/python/tests/tools/test_stage_execution.py", line 3403, in reviewed
    held = self.implemented()
  File "/home/sl/src/baton/v12/python/tests/tools/test_stage_execution.py", line 2780, in implemented
    self.turn(control, "implementation", attempt_id, roots,
    ~~~~~~~~~^^^^^^^^^^^^^^^^^^^^^^^^^^^^^^^^^^^^^^^^^^^^^^
              **operands), 0)
              ^^^^^^^^^^^
  File "/home/sl/src/baton/v12/python/tests/tools/test_stage_execution.py", line 2699, in turn
    delivered = launch.adopt(
        self.config["launch_home"], attempt_id=attempt_id,
    ...<2 lines>...
        transport=exchange.EXCHANGE_TRANSPORT,
        workspace_group=single_worker.configured_workspace_group(control))
  File "/home/sl/src/baton/v12/python/src/baton_v12/worker_manager/launch.py", line 738, in adopt
    _denied(f"attempt {name_value(attempt)}'s launch document is not the "
    ~~~~~~~^^^^^^^^^^^^^^^^^^^^^^^^^^^^^^^^^^^^^^^^^^^^^^^^^^^^^^^^^^^^^^^
            f"one this manager would have written for it; a document that "
            ^^^^^^^^^^^^^^^^^^^^^^^^^^^^^^^^^^^^^^^^^^^^^^^^^^^^^^^^^^^^^^^
            f"is merely well formed proves which KIND of thing it is and "
            ^^^^^^^^^^^^^^^^^^^^^^^^^^^^^^^^^^^^^^^^^^^^^^^^^^^^^^^^^^^^^^
            f"not which delivery")
            ^^^^^^^^^^^^^^^^^^^^^^
  File "/home/sl/src/baton/v12/python/src/baton_v12/worker_manager/launch.py", line 214, in _denied
    raise ContractRefusal("policy", "denied", message)
baton_v12.contracts.errors.ContractRefusal: attempt 'attempt-7b5e070a732d64a31d8830d12147471913947786b9a59376be1…'s launch document is not the one this manager would have written for it; a document that is merely well formed proves which KIND of thing it is and not which delivery

======================================================================
ERROR: test_the_discarded_scratch_is_gone_and_the_checkpoint_bytes_are_back (tests.tools.test_stage_execution.UnfinishedWorkIsFencedBeforeAnythingRepeatsIt.test_the_discarded_scratch_is_gone_and_the_checkpoint_bytes_are_back)
THE UNCOMMITTED WORK IS LOST AND THE RETAINED CHECKPOINT IS NOT.
----------------------------------------------------------------------
Traceback (most recent call last):
  File "/home/sl/src/baton/v12/python/tests/tools/test_stage_execution.py", line 4698, in test_the_discarded_scratch_is_gone_and_the_checkpoint_bytes_are_back
    held = self.started_correction(self.committed_handoff())
                                   ~~~~~~~~~~~~~~~~~~~~~~^^
  File "/home/sl/src/baton/v12/python/tests/tools/test_stage_execution.py", line 4398, in committed_handoff
    held = self.reviewed(verdict="changes-requested")
  File "/home/sl/src/baton/v12/python/tests/tools/test_stage_execution.py", line 3403, in reviewed
    held = self.implemented()
  File "/home/sl/src/baton/v12/python/tests/tools/test_stage_execution.py", line 2780, in implemented
    self.turn(control, "implementation", attempt_id, roots,
    ~~~~~~~~~^^^^^^^^^^^^^^^^^^^^^^^^^^^^^^^^^^^^^^^^^^^^^^
              **operands), 0)
              ^^^^^^^^^^^
  File "/home/sl/src/baton/v12/python/tests/tools/test_stage_execution.py", line 2699, in turn
    delivered = launch.adopt(
        self.config["launch_home"], attempt_id=attempt_id,
    ...<2 lines>...
        transport=exchange.EXCHANGE_TRANSPORT,
        workspace_group=single_worker.configured_workspace_group(control))
  File "/home/sl/src/baton/v12/python/src/baton_v12/worker_manager/launch.py", line 738, in adopt
    _denied(f"attempt {name_value(attempt)}'s launch document is not the "
    ~~~~~~~^^^^^^^^^^^^^^^^^^^^^^^^^^^^^^^^^^^^^^^^^^^^^^^^^^^^^^^^^^^^^^^
            f"one this manager would have written for it; a document that "
            ^^^^^^^^^^^^^^^^^^^^^^^^^^^^^^^^^^^^^^^^^^^^^^^^^^^^^^^^^^^^^^^
            f"is merely well formed proves which KIND of thing it is and "
            ^^^^^^^^^^^^^^^^^^^^^^^^^^^^^^^^^^^^^^^^^^^^^^^^^^^^^^^^^^^^^^
            f"not which delivery")
            ^^^^^^^^^^^^^^^^^^^^^^
  File "/home/sl/src/baton/v12/python/src/baton_v12/worker_manager/launch.py", line 214, in _denied
    raise ContractRefusal("policy", "denied", message)
baton_v12.contracts.errors.ContractRefusal: attempt 'attempt-7b5e070a732d64a31d8830d12147471913947786b9a59376be1…'s launch document is not the one this manager would have written for it; a document that is merely well formed proves which KIND of thing it is and not which delivery

======================================================================
ERROR: test_the_fresh_assignment_writes_only_after_the_exclusion (tests.tools.test_stage_execution.UnfinishedWorkIsFencedBeforeAnythingRepeatsIt.test_the_fresh_assignment_writes_only_after_the_exclusion)
NO NEW WRITER BEFORE THE EXCLUSION, in the order the acceptance
----------------------------------------------------------------------
Traceback (most recent call last):
  File "/home/sl/src/baton/v12/python/tests/tools/test_stage_execution.py", line 4662, in test_the_fresh_assignment_writes_only_after_the_exclusion
    held = self.started_correction(self.committed_handoff())
                                   ~~~~~~~~~~~~~~~~~~~~~~^^
  File "/home/sl/src/baton/v12/python/tests/tools/test_stage_execution.py", line 4398, in committed_handoff
    held = self.reviewed(verdict="changes-requested")
  File "/home/sl/src/baton/v12/python/tests/tools/test_stage_execution.py", line 3403, in reviewed
    held = self.implemented()
  File "/home/sl/src/baton/v12/python/tests/tools/test_stage_execution.py", line 2780, in implemented
    self.turn(control, "implementation", attempt_id, roots,
    ~~~~~~~~~^^^^^^^^^^^^^^^^^^^^^^^^^^^^^^^^^^^^^^^^^^^^^^
              **operands), 0)
              ^^^^^^^^^^^
  File "/home/sl/src/baton/v12/python/tests/tools/test_stage_execution.py", line 2699, in turn
    delivered = launch.adopt(
        self.config["launch_home"], attempt_id=attempt_id,
    ...<2 lines>...
        transport=exchange.EXCHANGE_TRANSPORT,
        workspace_group=single_worker.configured_workspace_group(control))
  File "/home/sl/src/baton/v12/python/src/baton_v12/worker_manager/launch.py", line 738, in adopt
    _denied(f"attempt {name_value(attempt)}'s launch document is not the "
    ~~~~~~~^^^^^^^^^^^^^^^^^^^^^^^^^^^^^^^^^^^^^^^^^^^^^^^^^^^^^^^^^^^^^^^
            f"one this manager would have written for it; a document that "
            ^^^^^^^^^^^^^^^^^^^^^^^^^^^^^^^^^^^^^^^^^^^^^^^^^^^^^^^^^^^^^^^
            f"is merely well formed proves which KIND of thing it is and "
            ^^^^^^^^^^^^^^^^^^^^^^^^^^^^^^^^^^^^^^^^^^^^^^^^^^^^^^^^^^^^^^
            f"not which delivery")
            ^^^^^^^^^^^^^^^^^^^^^^
  File "/home/sl/src/baton/v12/python/src/baton_v12/worker_manager/launch.py", line 214, in _denied
    raise ContractRefusal("policy", "denied", message)
baton_v12.contracts.errors.ContractRefusal: attempt 'attempt-7b5e070a732d64a31d8830d12147471913947786b9a59376be1…'s launch document is not the one this manager would have written for it; a document that is merely well formed proves which KIND of thing it is and not which delivery

======================================================================
ERROR: test_the_recovered_correction_reaches_a_fresh_assignment (tests.tools.test_stage_execution.UnfinishedWorkIsFencedBeforeAnythingRepeatsIt.test_the_recovered_correction_reaches_a_fresh_assignment)
THE TRANSITION `review-2026-09-09T14-55-17Z.md` MEASURED AS
----------------------------------------------------------------------
Traceback (most recent call last):
  File "/home/sl/src/baton/v12/python/tests/tools/test_stage_execution.py", line 4605, in test_the_recovered_correction_reaches_a_fresh_assignment
    held = self.started_correction(self.committed_handoff())
                                   ~~~~~~~~~~~~~~~~~~~~~~^^
  File "/home/sl/src/baton/v12/python/tests/tools/test_stage_execution.py", line 4398, in committed_handoff
    held = self.reviewed(verdict="changes-requested")
  File "/home/sl/src/baton/v12/python/tests/tools/test_stage_execution.py", line 3403, in reviewed
    held = self.implemented()
  File "/home/sl/src/baton/v12/python/tests/tools/test_stage_execution.py", line 2780, in implemented
    self.turn(control, "implementation", attempt_id, roots,
    ~~~~~~~~~^^^^^^^^^^^^^^^^^^^^^^^^^^^^^^^^^^^^^^^^^^^^^^
              **operands), 0)
              ^^^^^^^^^^^
  File "/home/sl/src/baton/v12/python/tests/tools/test_stage_execution.py", line 2699, in turn
    delivered = launch.adopt(
        self.config["launch_home"], attempt_id=attempt_id,
    ...<2 lines>...
        transport=exchange.EXCHANGE_TRANSPORT,
        workspace_group=single_worker.configured_workspace_group(control))
  File "/home/sl/src/baton/v12/python/src/baton_v12/worker_manager/launch.py", line 738, in adopt
    _denied(f"attempt {name_value(attempt)}'s launch document is not the "
    ~~~~~~~^^^^^^^^^^^^^^^^^^^^^^^^^^^^^^^^^^^^^^^^^^^^^^^^^^^^^^^^^^^^^^^
            f"one this manager would have written for it; a document that "
            ^^^^^^^^^^^^^^^^^^^^^^^^^^^^^^^^^^^^^^^^^^^^^^^^^^^^^^^^^^^^^^^
            f"is merely well formed proves which KIND of thing it is and "
            ^^^^^^^^^^^^^^^^^^^^^^^^^^^^^^^^^^^^^^^^^^^^^^^^^^^^^^^^^^^^^^
            f"not which delivery")
            ^^^^^^^^^^^^^^^^^^^^^^
  File "/home/sl/src/baton/v12/python/src/baton_v12/worker_manager/launch.py", line 214, in _denied
    raise ContractRefusal("policy", "denied", message)
baton_v12.contracts.errors.ContractRefusal: attempt 'attempt-7b5e070a732d64a31d8830d12147471913947786b9a59376be1…'s launch document is not the one this manager would have written for it; a document that is merely well formed proves which KIND of thing it is and not which delivery

======================================================================
ERROR: test_the_recovery_replays_and_committed_effects_are_unchanged (tests.tools.test_stage_execution.UnfinishedWorkIsFencedBeforeAnythingRepeatsIt.test_the_recovery_replays_and_committed_effects_are_unchanged)
REPEATED COMPUTATION IS PERMITTED; COMMITTED EFFECT IS NOT REDONE.
----------------------------------------------------------------------
Traceback (most recent call last):
  File "/home/sl/src/baton/v12/python/tests/tools/test_stage_execution.py", line 4729, in test_the_recovery_replays_and_committed_effects_are_unchanged
    held = self.started_correction(self.committed_handoff())
                                   ~~~~~~~~~~~~~~~~~~~~~~^^
  File "/home/sl/src/baton/v12/python/tests/tools/test_stage_execution.py", line 4398, in committed_handoff
    held = self.reviewed(verdict="changes-requested")
  File "/home/sl/src/baton/v12/python/tests/tools/test_stage_execution.py", line 3403, in reviewed
    held = self.implemented()
  File "/home/sl/src/baton/v12/python/tests/tools/test_stage_execution.py", line 2780, in implemented
    self.turn(control, "implementation", attempt_id, roots,
    ~~~~~~~~~^^^^^^^^^^^^^^^^^^^^^^^^^^^^^^^^^^^^^^^^^^^^^^
              **operands), 0)
              ^^^^^^^^^^^
  File "/home/sl/src/baton/v12/python/tests/tools/test_stage_execution.py", line 2699, in turn
    delivered = launch.adopt(
        self.config["launch_home"], attempt_id=attempt_id,
    ...<2 lines>...
        transport=exchange.EXCHANGE_TRANSPORT,
        workspace_group=single_worker.configured_workspace_group(control))
  File "/home/sl/src/baton/v12/python/src/baton_v12/worker_manager/launch.py", line 738, in adopt
    _denied(f"attempt {name_value(attempt)}'s launch document is not the "
    ~~~~~~~^^^^^^^^^^^^^^^^^^^^^^^^^^^^^^^^^^^^^^^^^^^^^^^^^^^^^^^^^^^^^^^
            f"one this manager would have written for it; a document that "
            ^^^^^^^^^^^^^^^^^^^^^^^^^^^^^^^^^^^^^^^^^^^^^^^^^^^^^^^^^^^^^^^
            f"is merely well formed proves which KIND of thing it is and "
            ^^^^^^^^^^^^^^^^^^^^^^^^^^^^^^^^^^^^^^^^^^^^^^^^^^^^^^^^^^^^^^
            f"not which delivery")
            ^^^^^^^^^^^^^^^^^^^^^^
  File "/home/sl/src/baton/v12/python/src/baton_v12/worker_manager/launch.py", line 214, in _denied
    raise ContractRefusal("policy", "denied", message)
baton_v12.contracts.errors.ContractRefusal: attempt 'attempt-7b5e070a732d64a31d8830d12147471913947786b9a59376be1…'s launch document is not the one this manager would have written for it; a document that is merely well formed proves which KIND of thing it is and not which delivery

----------------------------------------------------------------------
Ran 266 tests in 14.039s

FAILED (errors=96)
